"CustomerID","FirstName","LastName","AccountNumber","ModifiedDate"
11003,"Christy","Zhu","AW00011003","2014-09-12 11:15:07"
11006,"Janet","Alvarez","AW00011006","2014-09-12 11:15:07"
11007,"Marco","Mehta","AW00011007","2014-09-12 11:15:07"
11008,"Rob","Verhoff","AW00011008","2014-09-12 11:15:07"
11018,"Clarence","Rai","AW00011018","2014-09-12 11:15:07"
11019,"Luke","Lal","AW00011019","2014-09-12 11:15:07"
11037,"Chloe","Garcia","AW00011037","2014-09-12 11:15:07"
11056,"Michele","Nath","AW00011056","2014-09-12 11:15:07"
11066,"Grace","Butler","AW00011066","2014-09-12 11:15:07"
11091,"Dalto","Perez","AW00011091","2014-09-12 11:15:07"
11100,"Latasha","Navarro","AW00011100","2014-09-12 11:15:07"
11112,"Crystal","Wang","AW00011112","2014-09-12 11:15:07"
11119,"Eva","James","AW00011119","2014-09-12 11:15:07"
11126,"Shau","Carso","AW00011126","2014-09-12 11:15:07"
11142,"Eduardo","Patterso","AW00011142","2014-09-12 11:15:07"
11155,"Hunter","Robinso","AW00011155","2014-09-12 11:15:07"
11158,"Jaso","Wright","AW00011158","2014-09-12 11:15:07"
11175,"Luis","Wang","AW00011175","2014-09-12 11:15:07"
11176,"Maso","Roberts","AW00011176","2014-09-12 11:15:07"
11178,"Natha","Johnso","AW00011178","2014-09-12 11:15:07"
11179,"Molly","Rodriguez","AW00011179","2014-09-12 11:15:07"
11180,"April","Anand","AW00011180","2014-09-12 11:15:07"
11181,"Devi","Marti","AW00011181","2014-09-12 11:15:07"
11185,"Ashley","Henderso","AW00011185","2014-09-12 11:15:07"
11194,"Jacqueline","Price","AW00011194","2014-09-12 11:15:07"
11200,"Jaso","Griffi","AW00011200","2014-09-12 11:15:07"
11211,"Samantha","Russell","AW00011211","2014-09-12 11:15:07"
11223,"Hailey","Patterso","AW00011223","2014-09-12 11:15:07"
11226,"Sydney","Ross","AW00011226","2014-09-12 11:15:07"
11229,"Adria","Stewart","AW00011229","2014-09-12 11:15:07"
11242,"Larry","Munoz","AW00011242","2014-09-12 11:15:07"
11243,"Robi","Alvarez","AW00011243","2014-09-12 11:15:07"
11247,"Claudia","Zhou","AW00011247","2014-09-12 11:15:07"
11249,"Cindy","Patel","AW00011249","2014-09-12 11:15:07"
11254,"Johnatha","Vance","AW00011254","2014-09-12 11:15:07"
11262,"Jennifer","Simmons","AW00011262","2014-09-12 11:15:07"
11264,"Eduardo","Marti","AW00011264","2014-09-12 11:15:07"
11267,"David","Diaz","AW00011267","2014-09-12 11:15:07"
11276,"Nancy","Chapma","AW00011276","2014-09-12 11:15:07"
11287,"Henry","Garcia","AW00011287","2014-09-12 11:15:07"
11288,"Cindy","Sanchez","AW00011288","2014-09-12 11:15:07"
11295,"Taylor","Lewis","AW00011295","2014-09-12 11:15:07"
11300,"Fernando","Barnes","AW00011300","2014-09-12 11:15:07"
11303,"Julia","Colema","AW00011303","2014-09-12 11:15:07"
11305,"Sea","Evans","AW00011305","2014-09-12 11:15:07"
11316,"Luke","Alle","AW00011316","2014-09-12 11:15:07"
11325,"Elijah","Ross","AW00011325","2014-09-12 11:15:07"
11326,"Rafael","Xie","AW00011326","2014-09-12 11:15:07"
11330,"Rya","Thompso","AW00011330","2014-09-12 11:15:07"
11365,"Brittney","Su","AW00011365","2014-09-12 11:15:07"
11378,"Shanno","Liang","AW00011378","2014-09-12 11:15:07"
11388,"Joseph","Marti","AW00011388","2014-09-12 11:15:07"
11402,"Kelli","Cai","AW00011402","2014-09-12 11:15:07"
11410,"Maurice","el","AW00011410","2014-09-12 11:15:07"
11413,"Mega","Stewart","AW00011413","2014-09-12 11:15:07"
11417,"Lacey","Zheng","AW00011417","2014-09-12 11:15:07"
11420,"Jorda","Turner","AW00011420","2014-09-12 11:15:07"
11432,"Dominique","Prasad","AW00011432","2014-09-12 11:15:07"
11434,"Andre","Lopez","AW00011434","2014-09-12 11:15:07"
11443,"Grace","Griffi","AW00011443","2014-09-12 11:15:07"
11452,"Erika","Rubio","AW00011452","2014-09-12 11:15:07"
11453,"Stanley","Malhotra","AW00011453","2014-09-12 11:15:07"
11457,"Jaime","Gutierrez","AW00011457","2014-09-12 11:15:07"
11458,"Bianca","Liu","AW00011458","2014-09-12 11:15:07"
11461,"Victor","Jimenez","AW00011461","2014-09-12 11:15:07"
11463,"Alisha","Beck","AW00011463","2014-09-12 11:15:07"
11464,"Alejandro","Huang","AW00011464","2014-09-12 11:15:07"
11481,"Erica","Hu","AW00011481","2014-09-12 11:15:07"
11487,"Morga","Jones","AW00011487","2014-09-12 11:15:07"
11489,"Deborah","el","AW00011489","2014-09-12 11:15:07"
11505,"Jasmine","Powell","AW00011505","2014-09-12 11:15:07"
11506,"Nicholas","Brow","AW00011506","2014-09-12 11:15:07"
11518,"Edward","Washingto","AW00011518","2014-09-12 11:15:07"
11519,"Jerome","Navarro","AW00011519","2014-09-12 11:15:07"
11521,"Ariana","Peterso","AW00011521","2014-09-12 11:15:07"
11543,"Sheena","Chande","AW00011543","2014-09-12 11:15:07"
11548,"Raymond","Sanchez","AW00011548","2014-09-12 11:15:07"
11566,"April","Sha","AW00011566","2014-09-12 11:15:07"
11567,"Carla","Perez","AW00011567","2014-09-12 11:15:07"
11578,"Trisha","Huang","AW00011578","2014-09-12 11:15:07"
11581,"Cindy","Jorda","AW00011581","2014-09-12 11:15:07"
11601,"Iva","Rama","AW00011601","2014-09-12 11:15:07"
11631,"Antonio","Bennett","AW00011631","2014-09-12 11:15:07"
11632,"Alexandra","Jenkins","AW00011632","2014-09-12 11:15:07"
11638,"Antonio","Powell","AW00011638","2014-09-12 11:15:07"
11643,"Naomi","Munoz","AW00011643","2014-09-12 11:15:07"
11648,"Kevi","Scott","AW00011648","2014-09-12 11:15:07"
11653,"Sydney","Peterso","AW00011653","2014-09-12 11:15:07"
11656,"Kately","Perez","AW00011656","2014-09-12 11:15:07"
11659,"Miguel","Adams","AW00011659","2014-09-12 11:15:07"
11669,"Isabella","Simmons","AW00011669","2014-09-12 11:15:07"
11681,"Abigail","Jones","AW00011681","2014-09-12 11:15:07"
11682,"Kaitly","Hall","AW00011682","2014-09-12 11:15:07"
11698,"Jackso","Wright","AW00011698","2014-09-12 11:15:07"
11700,"Xavier","Richardso","AW00011700","2014-09-12 11:15:07"
11705,"Brooke","Richardso","AW00011705","2014-09-12 11:15:07"
11707,"Natalie","Cook","AW00011707","2014-09-12 11:15:07"
11711,"Daniel","Davis","AW00011711","2014-09-12 11:15:07"
11713,"Kyle","Zhang","AW00011713","2014-09-12 11:15:07"
11726,"Micah","Liang","AW00011726","2014-09-12 11:15:07"
11748,"Blake","Hill","AW00011748","2014-09-12 11:15:07"
11750,"Latoya","She","AW00011750","2014-09-12 11:15:07"
11754,"Janet","Ortega","AW00011754","2014-09-12 11:15:07"
11757,"Vincent","Cai","AW00011757","2014-09-12 11:15:07"
11759,"Daw","Nath","AW00011759","2014-09-12 11:15:07"
11762,"Randall","mez","AW00011762","2014-09-12 11:15:07"
11763,"Ross","Fernandez","AW00011763","2014-09-12 11:15:07"
11768,"Clayto","Nara","AW00011768","2014-09-12 11:15:07"
11775,"Sierra","Roberts","AW00011775","2014-09-12 11:15:07"
11796,"Isabel","Jenkins","AW00011796","2014-09-12 11:15:07"
11802,"Madiso","Taylor","AW00011802","2014-09-12 11:15:07"
11807,"Lucas","Baker","AW00011807","2014-09-12 11:15:07"
11820,"Kately","Lopez","AW00011820","2014-09-12 11:15:07"
11823,"Morga","Turner","AW00011823","2014-09-12 11:15:07"
11847,"Cassidy","Diaz","AW00011847","2014-09-12 11:15:07"
11855,"Christia","Walker","AW00011855","2014-09-12 11:15:07"
11869,"Kaitly","Adams","AW00011869","2014-09-12 11:15:07"
11890,"Whitney","Lopez","AW00011890","2014-09-12 11:15:07"
11900,"Byro","Carlso","AW00011900","2014-09-12 11:15:07"
11910,"Jacly","Zheng","AW00011910","2014-09-12 11:15:07"
11920,"Adrienne","mez","AW00011920","2014-09-12 11:15:07"
11927,"Nicole","Murphy","AW00011927","2014-09-12 11:15:07"
11941,"Adam","Roberts","AW00011941","2014-09-12 11:15:07"
11942,"George","nzalez","AW00011942","2014-09-12 11:15:07"
11964,"Sharo","Salavaria","AW00011964","2014-09-12 11:15:07"
11975,"Destiny","Garcia","AW00011975","2014-09-12 11:15:07"
11983,"Cheryl","Ortega","AW00011983","2014-09-12 11:15:07"
11995,"Kelvi","Carso","AW00011995","2014-09-12 11:15:07"
11997,"Kristina","Kapoor","AW00011997","2014-09-12 11:15:07"
11999,"Johnny","Sha","AW00011999","2014-09-12 11:15:07"
12023,"Fernando","Johnso","AW00012023","2014-09-12 11:15:07"
12039,"Ricardo","Nath","AW00012039","2014-09-12 11:15:07"
12040,"Richard","Torres","AW00012040","2014-09-12 11:15:07"
12043,"Carso","Patterso","AW00012043","2014-09-12 11:15:07"
12080,"Grace","Sanchez","AW00012080","2014-09-12 11:15:07"
12082,"Laure","Sanchez","AW00012082","2014-09-12 11:15:07"
12086,"Emily","Clark","AW00012086","2014-09-12 11:15:07"
12088,"Laure","Thompso","AW00012088","2014-09-12 11:15:07"
12099,"Sydney","Hall","AW00012099","2014-09-12 11:15:07"
12115,"Chloe","Richardso","AW00012115","2014-09-12 11:15:07"
12120,"Xavier","Simmons","AW00012120","2014-09-12 11:15:07"
12131,"Randall","Dominguez","AW00012131","2014-09-12 11:15:07"
12134,"Hector","Alonso","AW00012134","2014-09-12 11:15:07"
12136,"Blake","Turner","AW00012136","2014-09-12 11:15:07"
12142,"Gabriella","Torres","AW00012142","2014-09-12 11:15:07"
12166,"Jared","Rogers","AW00012166","2014-09-12 11:15:07"
12178,"Etha","Sha","AW00012178","2014-09-12 11:15:07"
12182,"Eri","Torres","AW00012182","2014-09-12 11:15:07"
12201,"Mindy","Yua","AW00012201","2014-09-12 11:15:07"
12205,"Madiso","Long","AW00012205","2014-09-12 11:15:07"
12206,"Sierra","Parker","AW00012206","2014-09-12 11:15:07"
12216,"Gerald","Rodriguez","AW00012216","2014-09-12 11:15:07"
12227,"Kelsey","Raje","AW00012227","2014-09-12 11:15:07"
12255,"Roby","Alvarez","AW00012255","2014-09-12 11:15:07"
12271,"Tyrone","Hernandez","AW00012271","2014-09-12 11:15:07"
12272,"Justi","Alexander","AW00012272","2014-09-12 11:15:07"
12276,"Alisha","Sha","AW00012276","2014-09-12 11:15:07"
12292,"Nicolas","Kumar","AW00012292","2014-09-12 11:15:07"
12297,"Felicia","Blanco","AW00012297","2014-09-12 11:15:07"
12301,"Nichole","Nara","AW00012301","2014-09-12 11:15:07"
12316,"Alejandro","Luo","AW00012316","2014-09-12 11:15:07"
12331,"Meaga","Chandra","AW00012331","2014-09-12 11:15:07"
12342,"Morga","Young","AW00012342","2014-09-12 11:15:07"
12353,"Joe","Ramos","AW00012353","2014-09-12 11:15:07"
12356,"Julia","Wood","AW00012356","2014-09-12 11:15:07"
12361,"Dana","Diaz","AW00012361","2014-09-12 11:15:07"
12374,"Marie","Kapoor","AW00012374","2014-09-12 11:15:07"
12396,"Susa","Yang","AW00012396","2014-09-12 11:15:07"
12402,"Albert","Moreno","AW00012402","2014-09-12 11:15:07"
12411,"Kevi","Alexander","AW00012411","2014-09-12 11:15:07"
12412,"Mackenzie","Wright","AW00012412","2014-09-12 11:15:07"
12413,"James","nzales","AW00012413","2014-09-12 11:15:07"
12431,"Wyatt","Thomas","AW00012431","2014-09-12 11:15:07"
12455,"Benjami","Lewis","AW00012455","2014-09-12 11:15:07"
12461,"Ruth","Suri","AW00012461","2014-09-12 11:15:07"
12468,"Wayne","Nath","AW00012468","2014-09-12 11:15:07"
12509,"Marc","Ferrier","AW00012509","2014-09-12 11:15:07"
12525,"Chelsea","Rodriguez","AW00012525","2014-09-12 11:15:07"
12571,"Jennifer","Gree","AW00012571","2014-09-12 11:15:07"
12573,"Grant","Rai","AW00012573","2014-09-12 11:15:07"
12581,"Kristina","Fernandez","AW00012581","2014-09-12 11:15:07"
12582,"Carme","Sara","AW00012582","2014-09-12 11:15:07"
12590,"Mario","Chander","AW00012590","2014-09-12 11:15:07"
12596,"Armando","Romero","AW00012596","2014-09-12 11:15:07"
12603,"Cole","Reed","AW00012603","2014-09-12 11:15:07"
12655,"Larry","Vazquez","AW00012655","2014-09-12 11:15:07"
12694,"Jay","Arthur","AW00012694","2014-09-12 11:15:07"
12705,"Andre","Garcia","AW00012705","2014-09-12 11:15:07"
12711,"Heather","Zheng","AW00012711","2014-09-12 11:15:07"
12712,"Arthur","Romero","AW00012712","2014-09-12 11:15:07"
12730,"Karla","Becker","AW00012730","2014-09-12 11:15:07"
12750,"Teresa","Vazquez","AW00012750","2014-09-12 11:15:07"
12769,"Thomas","Zhang","AW00012769","2014-09-12 11:15:07"
12770,"Charles","Evans","AW00012770","2014-09-12 11:15:07"
12821,"Cesar","McDonald","AW00012821","2014-09-12 11:15:07"
12822,"Alexandra","James","AW00012822","2014-09-12 11:15:07"
12834,"Kelsey","Xie","AW00012834","2014-09-12 11:15:07"
12860,"Jillia","Prasad","AW00012860","2014-09-12 11:15:07"
12864,"Michelle","Townsend","AW00012864","2014-09-12 11:15:07"
12871,"Leah","Li","AW00012871","2014-09-12 11:15:07"
12901,"Robert","Adams","AW00012901","2014-09-12 11:15:07"
12904,"Thomas","Jai","AW00012904","2014-09-12 11:15:07"
12930,"Grace","Harris","AW00012930","2014-09-12 11:15:07"
12934,"Jaso","Foster","AW00012934","2014-09-12 11:15:07"
12942,"Morga","Harris","AW00012942","2014-09-12 11:15:07"
12963,"Marcus","Anderso","AW00012963","2014-09-12 11:15:07"
12964,"Xavier","Russell","AW00012964","2014-09-12 11:15:07"
12970,"Angela","Powell","AW00012970","2014-09-12 11:15:07"
12974,"Marc","Gill","AW00012974","2014-09-12 11:15:07"
12979,"Christina","Ward","AW00012979","2014-09-12 11:15:07"
12985,"Hailey","Roberts","AW00012985","2014-09-12 11:15:07"
12987,"Felicia","Moreno","AW00012987","2014-09-12 11:15:07"
13001,"Clarence","Zhang","AW00013001","2014-09-12 11:15:07"
13004,"Randy","Che","AW00013004","2014-09-12 11:15:07"
13015,"Rebecca","Parker","AW00013015","2014-09-12 11:15:07"
13021,"Kendra","Diaz","AW00013021","2014-09-12 11:15:07"
13033,"Xavier","nzalez","AW00013033","2014-09-12 11:15:07"
13038,"Wilso","Pais","AW00013038","2014-09-12 11:15:07"
13039,"Trisha","Ma","AW00013039","2014-09-12 11:15:07"
13050,"Dennis","Zeng","AW00013050","2014-09-12 11:15:07"
13056,"Morga","Blue","AW00013056","2014-09-12 11:15:07"
13057,"Destiny","Powell","AW00013057","2014-09-12 11:15:07"
13059,"Keith","Deng","AW00013059","2014-09-12 11:15:07"
13062,"Eduardo","Williams","AW00013062","2014-09-12 11:15:07"
13075,"Kelvi","Li","AW00013075","2014-09-12 11:15:07"
13081,"Krista","Ruiz","AW00013081","2014-09-12 11:15:07"
13083,"Jordy","Butler","AW00013083","2014-09-12 11:15:07"
13096,"Jonatha","Che","AW00013096","2014-09-12 11:15:07"
13100,"Jeremy","Perez","AW00013100","2014-09-12 11:15:07"
13105,"Whitney","Kovár","AW00013105","2014-09-12 11:15:07"
13115,"Clarence","Wu","AW00013115","2014-09-12 11:15:07"
13129,"Joy","Ramos","AW00013129","2014-09-12 11:15:07"
13134,"Sara","Morga","AW00013134","2014-09-12 11:15:07"
13137,"Jacqueline","Simmons","AW00013137","2014-09-12 11:15:07"
13141,"Walter","Hernandez","AW00013141","2014-09-12 11:15:07"
13146,"Gabriella","Ramirez","AW00013146","2014-09-12 11:15:07"
13159,"Roberto","Ramos","AW00013159","2014-09-12 11:15:07"
13175,"Noah","Smith","AW00013175","2014-09-12 11:15:07"
13181,"Bria","Morga","AW00013181","2014-09-12 11:15:07"
13197,"Katherine","Smith","AW00013197","2014-09-12 11:15:07"
13206,"Emily","Flores","AW00013206","2014-09-12 11:15:07"
13251,"Raymond","Malhotra","AW00013251","2014-09-12 11:15:07"
13265,"Luke","Adams","AW00013265","2014-09-12 11:15:07"
13272,"Jorda","nzalez","AW00013272","2014-09-12 11:15:07"
13274,"Joshua","Lee","AW00013274","2014-09-12 11:15:07"
13277,"Natha","Brow","AW00013277","2014-09-12 11:15:07"
13296,"Seth","Anderso","AW00013296","2014-09-12 11:15:07"
13309,"Angela","Sanders","AW00013309","2014-09-12 11:15:07"
13318,"Amber","Perez","AW00013318","2014-09-12 11:15:07"
13330,"Maria","Patterso","AW00013330","2014-09-12 11:15:07"
13337,"Laure","Cox","AW00013337","2014-09-12 11:15:07"
13345,"Dalto","Butler","AW00013345","2014-09-12 11:15:07"
13348,"Noah","Young","AW00013348","2014-09-12 11:15:07"
13369,"Mariah","Henderso","AW00013369","2014-09-12 11:15:07"
13370,"Blake","Ross","AW00013370","2014-09-12 11:15:07"
13384,"Mario","Ashe","AW00013384","2014-09-12 11:15:07"
13391,"Brenda","Malhotra","AW00013391","2014-09-12 11:15:07"
13406,"Craig","Jiménez","AW00013406","2014-09-12 11:15:07"
13409,"Cory","Fernandez","AW00013409","2014-09-12 11:15:07"
13443,"Jasmine","White","AW00013443","2014-09-12 11:15:07"
13451,"Robi","Browning","AW00013451","2014-09-12 11:15:07"
13456,"Sydney","Hernandez","AW00013456","2014-09-12 11:15:07"
13461,"Anthony","Jones","AW00013461","2014-09-12 11:15:07"
13464,"Martha","Hu","AW00013464","2014-09-12 11:15:07"
13466,"Bryce","James","AW00013466","2014-09-12 11:15:07"
13468,"Mariah","Sanders","AW00013468","2014-09-12 11:15:07"
13525,"Cassandra","Va","AW00013525","2014-09-12 11:15:07"
13535,"Omar","Nara","AW00013535","2014-09-12 11:15:07"
13545,"Brad","Sharma","AW00013545","2014-09-12 11:15:07"
13547,"Michele","Jimenez","AW00013547","2014-09-12 11:15:07"
13556,"Alisha","Nath","AW00013556","2014-09-12 11:15:07"
13575,"Alicia","She","AW00013575","2014-09-12 11:15:07"
13581,"Albert","Blanco","AW00013581","2014-09-12 11:15:07"
13603,"Molly","Martinez","AW00013603","2014-09-12 11:15:07"
13617,"Gerald","Suri","AW00013617","2014-09-12 11:15:07"
13629,"Karla","Yua","AW00013629","2014-09-12 11:15:07"
13631,"Joe","Subram","AW00013631","2014-09-12 11:15:07"
13640,"Rachael","Patel","AW00013640","2014-09-12 11:15:07"
13648,"Arturo","Sharma","AW00013648","2014-09-12 11:15:07"
13651,"Jerry","Sharma","AW00013651","2014-09-12 11:15:07"
13663,"Melvi","Tang","AW00013663","2014-09-12 11:15:07"
13677,"Bria","Albrecht","AW00013677","2014-09-12 11:15:07"
13687,"Mario","Xie","AW00013687","2014-09-12 11:15:07"
13694,"Savannah","Gray","AW00013694","2014-09-12 11:15:07"
13719,"Isaac","Carter","AW00013719","2014-09-12 11:15:07"
13724,"Charles","Thompso","AW00013724","2014-09-12 11:15:07"
13738,"Jose","Young","AW00013738","2014-09-12 11:15:07"
13748,"José","Martinez","AW00013748","2014-09-12 11:15:07"
13749,"Julio","Alonso","AW00013749","2014-09-12 11:15:07"
13756,"Kaylee","Young","AW00013756","2014-09-12 11:15:07"
13763,"Stephanie","Richardso","AW00013763","2014-09-12 11:15:07"
13766,"Joe","Gill","AW00013766","2014-09-12 11:15:07"
13767,"Linda","Jimenez","AW00013767","2014-09-12 11:15:07"
13774,"Steve","Guo","AW00013774","2014-09-12 11:15:07"
13787,"Glen","Cai","AW00013787","2014-09-12 11:15:07"
13792,"Charles","Taylor","AW00013792","2014-09-12 11:15:07"
13794,"Mallory","Marti","AW00013794","2014-09-12 11:15:07"
13811,"Sandra","Che","AW00013811","2014-09-12 11:15:07"
13820,"Danny","Alvarez","AW00013820","2014-09-12 11:15:07"
13836,"Dominic","Sara","AW00013836","2014-09-12 11:15:07"
13889,"Robert","Marti","AW00013889","2014-09-12 11:15:07"
13892,"Spencer","Diaz","AW00013892","2014-09-12 11:15:07"
13908,"Alyssa","Diaz","AW00013908","2014-09-12 11:15:07"
13912,"Caroline","Simmons","AW00013912","2014-09-12 11:15:07"
13918,"Armando","Blanco","AW00013918","2014-09-12 11:15:07"
13953,"Theresa","Munoz","AW00013953","2014-09-12 11:15:07"
13988,"Miguel","White","AW00013988","2014-09-12 11:15:07"
14007,"Rebekah","Garcia","AW00014007","2014-09-12 11:15:07"
14051,"Nathaniel","Rivera","AW00014051","2014-09-12 11:15:07"
14060,"Cedric","Sharma","AW00014060","2014-09-12 11:15:07"
14061,"Naomi","Torres","AW00014061","2014-09-12 11:15:07"
14066,"Melody","Jimenez","AW00014066","2014-09-12 11:15:07"
14068,"Brent","McDonald","AW00014068","2014-09-12 11:15:07"
14077,"Brya","Townsend","AW00014077","2014-09-12 11:15:07"
14081,"Nicole","Butler","AW00014081","2014-09-12 11:15:07"
14101,"Frankli","Lal","AW00014101","2014-09-12 11:15:07"
14104,"Sydney","James","AW00014104","2014-09-12 11:15:07"
14110,"Dakota","Simmons","AW00014110","2014-09-12 11:15:07"
14112,"Charles","Sanchez","AW00014112","2014-09-12 11:15:07"
14121,"Devo","el","AW00014121","2014-09-12 11:15:07"
14128,"Ia","Harris","AW00014128","2014-09-12 11:15:07"
14129,"Monica","Martinez","AW00014129","2014-09-12 11:15:07"
14133,"Ricardo","Kumar","AW00014133","2014-09-12 11:15:07"
14136,"Louis","She","AW00014136","2014-09-12 11:15:07"
14139,"Meredith","Sai","AW00014139","2014-09-12 11:15:07"
14143,"Jill","Sandoval","AW00014143","2014-09-12 11:15:07"
14146,"Toni","Sara","AW00014146","2014-09-12 11:15:07"
14152,"Luke","Turner","AW00014152","2014-09-12 11:15:07"
14171,"Michele","Lal","AW00014171","2014-09-12 11:15:07"
14172,"Carla","Garcia","AW00014172","2014-09-12 11:15:07"
14179,"Claudia","Xu","AW00014179","2014-09-12 11:15:07"
14184,"Caleb","Jenkins","AW00014184","2014-09-12 11:15:07"
14194,"Cassie","Rai","AW00014194","2014-09-12 11:15:07"
14202,"Clayto","Zeng","AW00014202","2014-09-12 11:15:07"
14226,"Heidi","Mehta","AW00014226","2014-09-12 11:15:07"
14235,"Larry","Alvarez","AW00014235","2014-09-12 11:15:07"
14242,"Rafael","Ye","AW00014242","2014-09-12 11:15:07"
14245,"Ana","Russell","AW00014245","2014-09-12 11:15:07"
14253,"Eduardo","Scott","AW00014253","2014-09-12 11:15:07"
14289,"Jessica","Martinez","AW00014289","2014-09-12 11:15:07"
14295,"Hannah","Thomas","AW00014295","2014-09-12 11:15:07"
14304,"Jacquely","Jimenez","AW00014304","2014-09-12 11:15:07"
14307,"Ross","Perez","AW00014307","2014-09-12 11:15:07"
14308,"Marie","Ramos","AW00014308","2014-09-12 11:15:07"
14311,"Erik","Alvarez","AW00014311","2014-09-12 11:15:07"
14313,"Christia","Smith","AW00014313","2014-09-12 11:15:07"
14315,"Carl","Chander","AW00014315","2014-09-12 11:15:07"
14320,"Amy","Hu","AW00014320","2014-09-12 11:15:07"
14325,"Crystal","Li","AW00014325","2014-09-12 11:15:07"
14357,"Dalto","Collins","AW00014357","2014-09-12 11:15:07"
14398,"James","Anderso","AW00014398","2014-09-12 11:15:07"
14401,"Jose","Kumar","AW00014401","2014-09-12 11:15:07"
14414,"Rachel","Wilso","AW00014414","2014-09-12 11:15:07"
14426,"Madiso","Hughes","AW00014426","2014-09-12 11:15:07"
14429,"Lacey","He","AW00014429","2014-09-12 11:15:07"
14455,"Alexandra","Mitchell","AW00014455","2014-09-12 11:15:07"
14458,"Jorda","Yang","AW00014458","2014-09-12 11:15:07"
14460,"Jose","Long","AW00014460","2014-09-12 11:15:07"
14478,"Abigail","Patterso","AW00014478","2014-09-12 11:15:07"
14497,"Alliso","Scott","AW00014497","2014-09-12 11:15:07"
14523,"Lydia","Fernandez","AW00014523","2014-09-12 11:15:07"
14525,"Claudia","Su","AW00014525","2014-09-12 11:15:07"
14538,"Katherine","Brow","AW00014538","2014-09-12 11:15:07"
14542,"Alex","Ward","AW00014542","2014-09-12 11:15:07"
14544,"Darryl","West","AW00014544","2014-09-12 11:15:07"
14585,"Kimberly","Torres","AW00014585","2014-09-12 11:15:07"
14586,"Todd","Rowe","AW00014586","2014-09-12 11:15:07"
14601,"Nicolas","Rai","AW00014601","2014-09-12 11:15:07"
14602,"Kaylee","Kelly","AW00014602","2014-09-12 11:15:07"
14611,"Zoe","James","AW00014611","2014-09-12 11:15:07"
14651,"Amber","Gree","AW00014651","2014-09-12 11:15:07"
14673,"Willie","Rai","AW00014673","2014-09-12 11:15:07"
14676,"Micah","Wang","AW00014676","2014-09-12 11:15:07"
14697,"Nelso","Jimenez","AW00014697","2014-09-12 11:15:07"
14704,"Kara","Anderse","AW00014704","2014-09-12 11:15:07"
14718,"Grery","Raji","AW00014718","2014-09-12 11:15:07"
14737,"Dominic","Srini","AW00014737","2014-09-12 11:15:07"
14749,"Jose","Jenkins","AW00014749","2014-09-12 11:15:07"
14750,"Mary","Gree","AW00014750","2014-09-12 11:15:07"
14752,"Seth","Turner","AW00014752","2014-09-12 11:15:07"
14764,"Xavier","Scott","AW00014764","2014-09-12 11:15:07"
14794,"Gilbert","Becker","AW00014794","2014-09-12 11:15:07"
14795,"Crystal","Gao","AW00014795","2014-09-12 11:15:07"
14808,"Cynthia","Prasad","AW00014808","2014-09-12 11:15:07"
14815,"Isabella","nzales","AW00014815","2014-09-12 11:15:07"
14846,"Kelsey","Chande","AW00014846","2014-09-12 11:15:07"
14850,"Audrey","Vazquez","AW00014850","2014-09-12 11:15:07"
14860,"Arturo","Chande","AW00014860","2014-09-12 11:15:07"
14879,"Andrea","Richardso","AW00014879","2014-09-12 11:15:07"
14888,"Jasmine","Russell","AW00014888","2014-09-12 11:15:07"
14895,"Connor","Hernandez","AW00014895","2014-09-12 11:15:07"
14912,"Emma","Taylor","AW00014912","2014-09-12 11:15:07"
14923,"Andy","Blanco","AW00014923","2014-09-12 11:15:07"
14925,"Ashley","Hughes","AW00014925","2014-09-12 11:15:07"
14932,"Pedro","Fernandez","AW00014932","2014-09-12 11:15:07"
14940,"Carme","Rana","AW00014940","2014-09-12 11:15:07"
14948,"Damie","Lal","AW00014948","2014-09-12 11:15:07"
14952,"Holly","Srini","AW00014952","2014-09-12 11:15:07"
14956,"Krista","Romero","AW00014956","2014-09-12 11:15:07"
14969,"Julio","Vazquez","AW00014969","2014-09-12 11:15:07"
14970,"Bruce","Chandra","AW00014970","2014-09-12 11:15:07"
15007,"Jaime","Rubio","AW00015007","2014-09-12 11:15:07"
15027,"Tommy","Jai","AW00015027","2014-09-12 11:15:07"
15041,"Michele","el","AW00015041","2014-09-12 11:15:07"
15043,"Joel","nzalez","AW00015043","2014-09-12 11:15:07"
15051,"Harold","McDonald","AW00015051","2014-09-12 11:15:07"
15056,"Jaime","Suarez","AW00015056","2014-09-12 11:15:07"
15058,"Julio","Suarez","AW00015058","2014-09-12 11:15:07"
15067,"Dana","Alvarez","AW00015067","2014-09-12 11:15:07"
15071,"Krista","Gutierrez","AW00015071","2014-09-12 11:15:07"
15085,"Kristi","Jai","AW00015085","2014-09-12 11:15:07"
15086,"Latasha","Dominguez","AW00015086","2014-09-12 11:15:07"
15092,"Adria","Morris","AW00015092","2014-09-12 11:15:07"
15093,"Johnny","Moyer","AW00015093","2014-09-12 11:15:07"
15124,"Wendy","Hernandez","AW00015124","2014-09-12 11:15:07"
15183,"Michele","Raji","AW00015183","2014-09-12 11:15:07"
15212,"Marcus","Henderso","AW00015212","2014-09-12 11:15:07"
15232,"Omar","Ma","AW00015232","2014-09-12 11:15:07"
15254,"Carla","Chapma","AW00015254","2014-09-12 11:15:07"
15309,"Dyla","Wilso","AW00015309","2014-09-12 11:15:07"
15310,"Amanda","Stewart","AW00015310","2014-09-12 11:15:07"
15322,"Eva","Gree","AW00015322","2014-09-12 11:15:07"
15334,"Sydney","Williams","AW00015334","2014-09-12 11:15:07"
15355,"Janelle","Martinez","AW00015355","2014-09-12 11:15:07"
15365,"Victoria","Gray","AW00015365","2014-09-12 11:15:07"
15377,"Brianna","Jackso","AW00015377","2014-09-12 11:15:07"
15391,"Jordy","Powell","AW00015391","2014-09-12 11:15:07"
15408,"Olivia","Thompso","AW00015408","2014-09-12 11:15:07"
15419,"Carlos","Baker","AW00015419","2014-09-12 11:15:07"
15423,"Jack","Long","AW00015423","2014-09-12 11:15:07"
15429,"Aaro","Li","AW00015429","2014-09-12 11:15:07"
15433,"Adam","Sharma","AW00015433","2014-09-12 11:15:07"
15434,"Brent","Zhou","AW00015434","2014-09-12 11:15:07"
15448,"Omar","She","AW00015448","2014-09-12 11:15:07"
15451,"Linda","Munoz","AW00015451","2014-09-12 11:15:07"
15469,"Fernando","Williams","AW00015469","2014-09-12 11:15:07"
15471,"Destiny","White","AW00015471","2014-09-12 11:15:07"
15479,"Andrea","Wright","AW00015479","2014-09-12 11:15:07"
15482,"Audrey","Rubio","AW00015482","2014-09-12 11:15:07"
15493,"Eric","Che","AW00015493","2014-09-12 11:15:07"
15511,"Haley","Kelly","AW00015511","2014-09-12 11:15:07"
15514,"Angela","Ramirez","AW00015514","2014-09-12 11:15:07"
15535,"Jorda","Scott","AW00015535","2014-09-12 11:15:07"
15540,"Randall","Ortega","AW00015540","2014-09-12 11:15:07"
15547,"Cassidy","Wood","AW00015547","2014-09-12 11:15:07"
15572,"Anna","Garcia","AW00015572","2014-09-12 11:15:07"
15586,"Victor","Blanco","AW00015586","2014-09-12 11:15:07"
15601,"Naomi","Moreno","AW00015601","2014-09-12 11:15:07"
15603,"Philip","Blanco","AW00015603","2014-09-12 11:15:07"
15616,"Janet","Alonso","AW00015616","2014-09-12 11:15:07"
15622,"Yvonne","Schleger","AW00015622","2014-09-12 11:15:07"
15629,"Megha","Ruiz","AW00015629","2014-09-12 11:15:07"
15630,"Nichole","Tang","AW00015630","2014-09-12 11:15:07"
15645,"Javier","Gill","AW00015645","2014-09-12 11:15:07"
15656,"Darryl","Zhao","AW00015656","2014-09-12 11:15:07"
15657,"Marcus","Hayes","AW00015657","2014-09-12 11:15:07"
15677,"Alyssa","Bradley","AW00015677","2014-09-12 11:15:07"
15688,"Chase","Gray","AW00015688","2014-09-12 11:15:07"
15694,"Stephanie","Diaz","AW00015694","2014-09-12 11:15:07"
15695,"Bruce","mez","AW00015695","2014-09-12 11:15:07"
15697,"Julia","Morris","AW00015697","2014-09-12 11:15:07"
15707,"Robi","Rubio","AW00015707","2014-09-12 11:15:07"
15724,"Roger","She","AW00015724","2014-09-12 11:15:07"
15733,"Leslie","Ramos","AW00015733","2014-09-12 11:15:07"
15737,"Alexander","Robinso","AW00015737","2014-09-12 11:15:07"
15757,"Edwi","Ferrier","AW00015757","2014-09-12 11:15:07"
15771,"Maria","Diaz","AW00015771","2014-09-12 11:15:07"
15790,"Coli","Xu","AW00015790","2014-09-12 11:15:07"
15791,"Mega","Long","AW00015791","2014-09-12 11:15:07"
15794,"Tonya","Chander","AW00015794","2014-09-12 11:15:07"
15804,"Brittney","Liu","AW00015804","2014-09-12 11:15:07"
15808,"Natasha","Blanco","AW00015808","2014-09-12 11:15:07"
15829,"Devi","Diaz","AW00015829","2014-09-12 11:15:07"
15856,"Luis","nzales","AW00015856","2014-09-12 11:15:07"
15893,"Yolanda","Xu","AW00015893","2014-09-12 11:15:07"
15903,"Abigail","Barnes","AW00015903","2014-09-12 11:15:07"
15933,"Clinto","Dominguez","AW00015933","2014-09-12 11:15:07"
15941,"Bailey","Brooks","AW00015941","2014-09-12 11:15:07"
15957,"Samuel","Ross","AW00015957","2014-09-12 11:15:07"
15965,"Jennifer","Watso","AW00015965","2014-09-12 11:15:07"
15998,"Marissa","Flores","AW00015998","2014-09-12 11:15:07"
16007,"Janelle","nzalez","AW00016007","2014-09-12 11:15:07"
16029,"Abby","Patel","AW00016029","2014-09-12 11:15:07"
16036,"Maria","Long","AW00016036","2014-09-12 11:15:07"
16051,"Leonard","Xu","AW00016051","2014-09-12 11:15:07"
16065,"Makayla","Torres","AW00016065","2014-09-12 11:15:07"
16082,"Autum","Zeng","AW00016082","2014-09-12 11:15:07"
16088,"Bryce","Sanders","AW00016088","2014-09-12 11:15:07"
16127,"Amanda","Edwards","AW00016127","2014-09-12 11:15:07"
16131,"Albert","Romero","AW00016131","2014-09-12 11:15:07"
16164,"Amy","Liang","AW00016164","2014-09-12 11:15:07"
16175,"Tony","Sha","AW00016175","2014-09-12 11:15:07"
16177,"Bethany","Nath","AW00016177","2014-09-12 11:15:07"
16190,"Lance","Alvarez","AW00016190","2014-09-12 11:15:07"
16243,"Maria","James","AW00016243","2014-09-12 11:15:07"
16261,"Diana","Navarro","AW00016261","2014-09-12 11:15:07"
16262,"Kathry","Xie","AW00016262","2014-09-12 11:15:07"
16298,"Adrienne","Sanz","AW00016298","2014-09-12 11:15:07"
16300,"Orlando","Marti","AW00016300","2014-09-12 11:15:07"
16314,"Gabriel","Ross","AW00016314","2014-09-12 11:15:07"
16320,"Rachel","Simmons","AW00016320","2014-09-12 11:15:07"
16344,"Xavier","King","AW00016344","2014-09-12 11:15:07"
16349,"Levi","Sai","AW00016349","2014-09-12 11:15:07"
16358,"Samuel","Jai","AW00016358","2014-09-12 11:15:07"
16367,"Emily","Williams","AW00016367","2014-09-12 11:15:07"
16377,"Jorda","Adams","AW00016377","2014-09-12 11:15:07"
16383,"Bria","Kelly","AW00016383","2014-09-12 11:15:07"
16388,"Jay","Torres","AW00016388","2014-09-12 11:15:07"
16401,"Margaret","Gao","AW00016401","2014-09-12 11:15:07"
16447,"Kate","Becker","AW00016447","2014-09-12 11:15:07"
16464,"Ala","Liu","AW00016464","2014-09-12 11:15:07"
16469,"Michele","Tang","AW00016469","2014-09-12 11:15:07"
16482,"Tabitha","Arthur","AW00016482","2014-09-12 11:15:07"
16490,"Mega","Robinso","AW00016490","2014-09-12 11:15:07"
16506,"Catherine","Murphy","AW00016506","2014-09-12 11:15:07"
16509,"Veronica","Sai","AW00016509","2014-09-12 11:15:07"
16523,"Sandra","Huang","AW00016523","2014-09-12 11:15:07"
16539,"Christy","Li","AW00016539","2014-09-12 11:15:07"
16542,"Jésus","Ortega","AW00016542","2014-09-12 11:15:07"
16570,"Julie","She","AW00016570","2014-09-12 11:15:07"
16612,"Ebony","Ashe","AW00016612","2014-09-12 11:15:07"
16651,"Abigail","Martinez","AW00016651","2014-09-12 11:15:07"
16733,"Douglas","Srini","AW00016733","2014-09-12 11:15:07"
16741,"Ala","Xu","AW00016741","2014-09-12 11:15:07"
16744,"Lacey","Guo","AW00016744","2014-09-12 11:15:07"
16786,"Lucas","Reed","AW00016786","2014-09-12 11:15:07"
16822,"Marshall","Li","AW00016822","2014-09-12 11:15:07"
16827,"Jeffery","Che","AW00016827","2014-09-12 11:15:07"
16830,"Alexandra","Hall","AW00016830","2014-09-12 11:15:07"
16847,"Eduardo","Hall","AW00016847","2014-09-12 11:15:07"
16873,"Damie","Deng","AW00016873","2014-09-12 11:15:07"
16929,"Savannah","Scott","AW00016929","2014-09-12 11:15:07"
16930,"Kriste","Zhao","AW00016930","2014-09-12 11:15:07"
16950,"Connor","Edwards","AW00016950","2014-09-12 11:15:07"
16964,"Gavi","Wood","AW00016964","2014-09-12 11:15:07"
16997,"Natalie","Alle","AW00016997","2014-09-12 11:15:07"
17011,"Sara","Hill","AW00017011","2014-09-12 11:15:07"
17020,"Ashley","Bryant","AW00017020","2014-09-12 11:15:07"
17054,"Shaw","Raje","AW00017054","2014-09-12 11:15:07"
17066,"Lori","Serrano","AW00017066","2014-09-12 11:15:07"
17087,"Jésus","Dominguez","AW00017087","2014-09-12 11:15:07"
17097,"Deanna","Kapoor","AW00017097","2014-09-12 11:15:07"
17099,"Joel","Fernandez","AW00017099","2014-09-12 11:15:07"
17104,"Clifford","Rodriguez","AW00017104","2014-09-12 11:15:07"
17108,"Susa","Xu","AW00017108","2014-09-12 11:15:07"
17154,"Geoffrey","Martinez","AW00017154","2014-09-12 11:15:07"
17169,"Emily","Taylor","AW00017169","2014-09-12 11:15:07"
17196,"Douglas","Fernandez","AW00017196","2014-09-12 11:15:07"
17215,"Jua","Bell","AW00017215","2014-09-12 11:15:07"
17222,"Caroly","Serrano","AW00017222","2014-09-12 11:15:07"
17226,"Gilbert","McDonald","AW00017226","2014-09-12 11:15:07"
17233,"Michele","Rama","AW00017233","2014-09-12 11:15:07"
17247,"Michael","Moore","AW00017247","2014-09-12 11:15:07"
17250,"Alicia","She","AW00017250","2014-09-12 11:15:07"
17256,"Noah","Flores","AW00017256","2014-09-12 11:15:07"
17285,"Clayto","Deng","AW00017285","2014-09-12 11:15:07"
17303,"Terrence","Tang","AW00017303","2014-09-12 11:15:07"
17318,"Tiffany","Zhang","AW00017318","2014-09-12 11:15:07"
17353,"Bruce","Navarro","AW00017353","2014-09-12 11:15:07"
17354,"Iva","Garcia","AW00017354","2014-09-12 11:15:07"
17356,"Mary","Evans","AW00017356","2014-09-12 11:15:07"
17363,"Benjami","Harris","AW00017363","2014-09-12 11:15:07"
17365,"Thomas","Patterso","AW00017365","2014-09-12 11:15:07"
17391,"Angela","Bennett","AW00017391","2014-09-12 11:15:07"
17404,"Gabriella","Baker","AW00017404","2014-09-12 11:15:07"
17427,"Adam","Russell","AW00017427","2014-09-12 11:15:07"
17431,"Grace","Kelly","AW00017431","2014-09-12 11:15:07"
17440,"Richard","Cox","AW00017440","2014-09-12 11:15:07"
17473,"Ebony","Blanco","AW00017473","2014-09-12 11:15:07"
17479,"Kristine","Ramos","AW00017479","2014-09-12 11:15:07"
17491,"Kyle","Hall","AW00017491","2014-09-12 11:15:07"
17494,"Mathew","Alvarez","AW00017494","2014-09-12 11:15:07"
17500,"Cesar","Lopez","AW00017500","2014-09-12 11:15:07"
17509,"Makayla","Ramirez","AW00017509","2014-09-12 11:15:07"
17514,"Cedric","Zhou","AW00017514","2014-09-12 11:15:07"
17635,"Terry","Deng","AW00017635","2014-09-12 11:15:07"
17646,"Leah","Xu","AW00017646","2014-09-12 11:15:07"
17648,"Gilbert","Sharma","AW00017648","2014-09-12 11:15:07"
17676,"Eugene","Yang","AW00017676","2014-09-12 11:15:07"
17677,"Lawrence","Hernandez","AW00017677","2014-09-12 11:15:07"
17722,"Jerome","Serrano","AW00017722","2014-09-12 11:15:07"
17726,"Caroline","Griffi","AW00017726","2014-09-12 11:15:07"
17743,"Gerald","mez","AW00017743","2014-09-12 11:15:07"
17746,"Cedric","Nath","AW00017746","2014-09-12 11:15:07"
17754,"Stephanie","King","AW00017754","2014-09-12 11:15:07"
17766,"Jake","Xu","AW00017766","2014-09-12 11:15:07"
17798,"Robi","Ortega","AW00017798","2014-09-12 11:15:07"
17807,"Philip","Sanz","AW00017807","2014-09-12 11:15:07"
17812,"Casey","Nara","AW00017812","2014-09-12 11:15:07"
17819,"Arthur","Rana","AW00017819","2014-09-12 11:15:07"
17838,"Jill","Blanco","AW00017838","2014-09-12 11:15:07"
17844,"Martha","Zeng","AW00017844","2014-09-12 11:15:07"
17847,"Loga","Lee","AW00017847","2014-09-12 11:15:07"
17851,"Warre","Tang","AW00017851","2014-09-12 11:15:07"
17880,"Sydney","Hall","AW00017880","2014-09-12 11:15:07"
17901,"Keith","Tang","AW00017901","2014-09-12 11:15:07"
17937,"Heidi","Kapoor","AW00017937","2014-09-12 11:15:07"
17985,"Cedric","Su","AW00017985","2014-09-12 11:15:07"
18009,"Deanna","Prasad","AW00018009","2014-09-12 11:15:07"
18028,"Jessie","Zheng","AW00018028","2014-09-12 11:15:07"
18036,"Bruce","Sanchez","AW00018036","2014-09-12 11:15:07"
18037,"Bruce","Garcia","AW00018037","2014-09-12 11:15:07"
18045,"Toni","Aru","AW00018045","2014-09-12 11:15:07"
18073,"Robert","Che","AW00018073","2014-09-12 11:15:07"
18087,"Marcus","Long","AW00018087","2014-09-12 11:15:07"
18088,"Seth","Stewart","AW00018088","2014-09-12 11:15:07"
18089,"Melanie","nzales","AW00018089","2014-09-12 11:15:07"
18124,"Calvi","Chander","AW00018124","2014-09-12 11:15:07"
18127,"Frankli","He","AW00018127","2014-09-12 11:15:07"
18134,"Melody","Romero","AW00018134","2014-09-12 11:15:07"
18140,"Anthony","White","AW00018140","2014-09-12 11:15:07"
18166,"Julia","Wood","AW00018166","2014-09-12 11:15:07"
18169,"Alisha","Liang","AW00018169","2014-09-12 11:15:07"
18172,"Willie","Black","AW00018172","2014-09-12 11:15:07"
18173,"Brent","Zhang","AW00018173","2014-09-12 11:15:07"
18177,"Reginald","Suarez","AW00018177","2014-09-12 11:15:07"
18178,"Tracy","el","AW00018178","2014-09-12 11:15:07"
18182,"Kristi","Prasad","AW00018182","2014-09-12 11:15:07"
18210,"Katie","Lal","AW00018210","2014-09-12 11:15:07"
18224,"Vanessa","Perry","AW00018224","2014-09-12 11:15:07"
18240,"Arthur","Smith","AW00018240","2014-09-12 11:15:07"
18244,"Lindsay","Chande","AW00018244","2014-09-12 11:15:07"
18269,"Wendy","Torres","AW00018269","2014-09-12 11:15:07"
18281,"Jacly","Li","AW00018281","2014-09-12 11:15:07"
18291,"Jennifer","Hill","AW00018291","2014-09-12 11:15:07"
18306,"Margaret","Li","AW00018306","2014-09-12 11:15:07"
18307,"Amy","Zhang","AW00018307","2014-09-12 11:15:07"
18312,"Miguel","Moore","AW00018312","2014-09-12 11:15:07"
18338,"Nina","Anderse","AW00018338","2014-09-12 11:15:07"
18371,"Jessica","Morga","AW00018371","2014-09-12 11:15:07"
18379,"Abigail","Robinso","AW00018379","2014-09-12 11:15:07"
18449,"Derrick","Ramos","AW00018449","2014-09-12 11:15:07"
18452,"Bruce","Martinez","AW00018452","2014-09-12 11:15:07"
18455,"Alejandro","Wu","AW00018455","2014-09-12 11:15:07"
18457,"Olivia","White","AW00018457","2014-09-12 11:15:07"
18474,"James","Smith","AW00018474","2014-09-12 11:15:07"
18490,"Brad","Rai","AW00018490","2014-09-12 11:15:07"
18499,"Darre","Rodriguez","AW00018499","2014-09-12 11:15:07"
18507,"Edward","Baker","AW00018507","2014-09-12 11:15:07"
18513,"Edwi","Xu","AW00018513","2014-09-12 11:15:07"
18521,"Megha","Rowe","AW00018521","2014-09-12 11:15:07"
18556,"Rube","Perez","AW00018556","2014-09-12 11:15:07"
18604,"Paige","Alexander","AW00018604","2014-09-12 11:15:07"
18612,"Alyssa","Flores","AW00018612","2014-09-12 11:15:07"
18644,"Carrie","Ruiz","AW00018644","2014-09-12 11:15:07"
18652,"Meredith","Diaz","AW00018652","2014-09-12 11:15:07"
18696,"Mindy","Black","AW00018696","2014-09-12 11:15:07"
18710,"Ricardo","Xie","AW00018710","2014-09-12 11:15:07"
18717,"Cassandra","Suri","AW00018717","2014-09-12 11:15:07"
18720,"Taylor","Miller","AW00018720","2014-09-12 11:15:07"
18743,"Glen","Xu","AW00018743","2014-09-12 11:15:07"
18750,"Alexandra","Perry","AW00018750","2014-09-12 11:15:07"
18754,"Isabella","Mitchell","AW00018754","2014-09-12 11:15:07"
18763,"Julie","Chander","AW00018763","2014-09-12 11:15:07"
18766,"Francisco","Sai","AW00018766","2014-09-12 11:15:07"
18788,"Madiso","Thompso","AW00018788","2014-09-12 11:15:07"
18804,"Aaro","nzales","AW00018804","2014-09-12 11:15:07"
18817,"Brittany","Russell","AW00018817","2014-09-12 11:15:07"
18821,"Jua","Morga","AW00018821","2014-09-12 11:15:07"
18822,"Grery","Ferrier","AW00018822","2014-09-12 11:15:07"
18849,"Faith","Flores","AW00018849","2014-09-12 11:15:07"
18867,"Thomas","Perry","AW00018867","2014-09-12 11:15:07"
18884,"Brya","Reed","AW00018884","2014-09-12 11:15:07"
18890,"Laure","Blue","AW00018890","2014-09-12 11:15:07"
18899,"Glen","Liu","AW00018899","2014-09-12 11:15:07"
18917,"Jonatha","Nelso","AW00018917","2014-09-12 11:15:07"
18965,"Richard","Turner","AW00018965","2014-09-12 11:15:07"
18986,"Robert","Roberts","AW00018986","2014-09-12 11:15:07"
18989,"Cindy","Suri","AW00018989","2014-09-12 11:15:07"
19021,"Melissa","Russell","AW00019021","2014-09-12 11:15:07"
19022,"Samantha","Wood","AW00019022","2014-09-12 11:15:07"
19032,"Katrina","Anderse","AW00019032","2014-09-12 11:15:07"
19037,"Marshall","Che","AW00019037","2014-09-12 11:15:07"
19073,"Lola","Song","AW00019073","2014-09-12 11:15:07"
19087,"Erica","Gao","AW00019087","2014-09-12 11:15:07"
19092,"Eric","nzalez","AW00019092","2014-09-12 11:15:07"
19102,"Claudia","Ye","AW00019102","2014-09-12 11:15:07"
19103,"Johnatha","Rama","AW00019103","2014-09-12 11:15:07"
19120,"Caleb","Sharma","AW00019120","2014-09-12 11:15:07"
19155,"Caroline","Flores","AW00019155","2014-09-12 11:15:07"
19165,"Miranda","Russell","AW00019165","2014-09-12 11:15:07"
19181,"Chad","Pal","AW00019181","2014-09-12 11:15:07"
19186,"Bob","Garcia","AW00019186","2014-09-12 11:15:07"
19200,"Luke","Henderso","AW00019200","2014-09-12 11:15:07"
19205,"James","Perry","AW00019205","2014-09-12 11:15:07"
19221,"Kaitly","Williams","AW00019221","2014-09-12 11:15:07"
19238,"Isabella","West","AW00019238","2014-09-12 11:15:07"
19244,"Sebastia","Ward","AW00019244","2014-09-12 11:15:07"
19250,"Lacey","Wu","AW00019250","2014-09-12 11:15:07"
19255,"Terrance","Sara","AW00019255","2014-09-12 11:15:07"
19257,"Dana","Jiménez","AW00019257","2014-09-12 11:15:07"
19274,"Kare","Yang","AW00019274","2014-09-12 11:15:07"
19278,"Willie","Su","AW00019278","2014-09-12 11:15:07"
19286,"Kaitly","Butler","AW00019286","2014-09-12 11:15:07"
19287,"Shane","Chandra","AW00019287","2014-09-12 11:15:07"
19295,"Kately","Gree","AW00019295","2014-09-12 11:15:07"
19306,"Candace","Perez","AW00019306","2014-09-12 11:15:07"
19312,"Valerie","Zheng","AW00019312","2014-09-12 11:15:07"
19322,"Gerald","Romero","AW00019322","2014-09-12 11:15:07"
19343,"Louis","Ye","AW00019343","2014-09-12 11:15:07"
19345,"Kaitli","Prasad","AW00019345","2014-09-12 11:15:07"
19360,"Joanna","Hernandez","AW00019360","2014-09-12 11:15:07"
19364,"Alejandro","Nara","AW00019364","2014-09-12 11:15:07"
19365,"Wayne","Sha","AW00019365","2014-09-12 11:15:07"
19405,"Abigail","Smith","AW00019405","2014-09-12 11:15:07"
19410,"Chloe","Adams","AW00019410","2014-09-12 11:15:07"
19420,"Stanley","Rama","AW00019420","2014-09-12 11:15:07"
19450,"Keith","Lal","AW00019450","2014-09-12 11:15:07"
19466,"Morga","Lopez","AW00019466","2014-09-12 11:15:07"
19500,"Russell","Sha","AW00019500","2014-09-12 11:15:07"
19504,"Dominic","Garcia","AW00019504","2014-09-12 11:15:07"
19511,"Marcus","Ward","AW00019511","2014-09-12 11:15:07"
19516,"Kaitly","Griffi","AW00019516","2014-09-12 11:15:07"
19521,"Jaime","Dominguez","AW00019521","2014-09-12 11:15:07"
19535,"Alex","Mitchell","AW00019535","2014-09-12 11:15:07"
19541,"Alexandra","Cooper","AW00019541","2014-09-12 11:15:07"
19582,"Bethany","Luo","AW00019582","2014-09-12 11:15:07"
19587,"Alyssa","Marti","AW00019587","2014-09-12 11:15:07"
19595,"Carl","Raji","AW00019595","2014-09-12 11:15:07"
19600,"Lacey","Anderse","AW00019600","2014-09-12 11:15:07"
19616,"Stefanie","Rana","AW00019616","2014-09-12 11:15:07"
19627,"Kari","Blanco","AW00019627","2014-09-12 11:15:07"
19644,"Gloria","Gill","AW00019644","2014-09-12 11:15:07"
19676,"Diana","Gutierrez","AW00019676","2014-09-12 11:15:07"
19679,"Erick","Rana","AW00019679","2014-09-12 11:15:07"
19683,"Marcus","Parker","AW00019683","2014-09-12 11:15:07"
19690,"Robert","White","AW00019690","2014-09-12 11:15:07"
19698,"Stephanie","Barnes","AW00019698","2014-09-12 11:15:07"
19717,"Edward","Hill","AW00019717","2014-09-12 11:15:07"
19738,"Henry","Martinez","AW00019738","2014-09-12 11:15:07"
19740,"Connie","Liang","AW00019740","2014-09-12 11:15:07"
19742,"Alexia","Russell","AW00019742","2014-09-12 11:15:07"
19757,"Alliso","Alle","AW00019757","2014-09-12 11:15:07"
19762,"Warre","Ma","AW00019762","2014-09-12 11:15:07"
19792,"Cristina","Nara","AW00019792","2014-09-12 11:15:07"
19796,"Marshall","Xie","AW00019796","2014-09-12 11:15:07"
19811,"Eva","Alle","AW00019811","2014-09-12 11:15:07"
19844,"Emma","Murphy","AW00019844","2014-09-12 11:15:07"
19904,"Jasmine","Gray","AW00019904","2014-09-12 11:15:07"
19907,"Bruce","Diaz","AW00019907","2014-09-12 11:15:07"
19910,"Orlando","Rubio","AW00019910","2014-09-12 11:15:07"
19918,"Joy","Alonso","AW00019918","2014-09-12 11:15:07"
19929,"Dale","Chander","AW00019929","2014-09-12 11:15:07"
19968,"Katrina","Chande","AW00019968","2014-09-12 11:15:07"
19988,"Jorda","Long","AW00019988","2014-09-12 11:15:07"
19996,"Grant","She","AW00019996","2014-09-12 11:15:07"
19997,"Beth","Gill","AW00019997","2014-09-12 11:15:07"
20011,"Eduardo","Sanders","AW00020011","2014-09-12 11:15:07"
20029,"Ja","Evans","AW00020029","2014-09-12 11:15:07"
20049,"Collee","Chavez","AW00020049","2014-09-12 11:15:07"
20078,"Jose","Lee","AW00020078","2014-09-12 11:15:07"
20125,"Natalie","Clark","AW00020125","2014-09-12 11:15:07"
20156,"Jay","Mada","AW00020156","2014-09-12 11:15:07"
20159,"Ernest","Zhu","AW00020159","2014-09-12 11:15:07"
20191,"Chad","Rai","AW00020191","2014-09-12 11:15:07"
20209,"Andrea","Turner","AW00020209","2014-09-12 11:15:07"
20210,"Stephanie","Powell","AW00020210","2014-09-12 11:15:07"
20218,"Drew","Xie","AW00020218","2014-09-12 11:15:07"
20239,"Jill","Ortega","AW00020239","2014-09-12 11:15:07"
20242,"Christopher","Thomas","AW00020242","2014-09-12 11:15:07"
20246,"Mindy","Xu","AW00020246","2014-09-12 11:15:07"
20258,"Kately","Ward","AW00020258","2014-09-12 11:15:07"
20260,"Etha","Martinez","AW00020260","2014-09-12 11:15:07"
20315,"Devi","Ramirez","AW00020315","2014-09-12 11:15:07"
20331,"Jeremy","Cox","AW00020331","2014-09-12 11:15:07"
20358,"Bria","Murphy","AW00020358","2014-09-12 11:15:07"
20382,"Jack","Hernandez","AW00020382","2014-09-12 11:15:07"
20411,"Cole","James","AW00020411","2014-09-12 11:15:07"
20419,"Billy","Romero","AW00020419","2014-09-12 11:15:07"
20423,"Alicia","el","AW00020423","2014-09-12 11:15:07"
20472,"Edward","Colema","AW00020472","2014-09-12 11:15:07"
20487,"Alexander","White","AW00020487","2014-09-12 11:15:07"
20489,"Jacob","Davis","AW00020489","2014-09-12 11:15:07"
20494,"Jesse","Peterso","AW00020494","2014-09-12 11:15:07"
20534,"Dalto","Lopez","AW00020534","2014-09-12 11:15:07"
20557,"Lindsay","Lal","AW00020557","2014-09-12 11:15:07"
20580,"Ernest","Huang","AW00020580","2014-09-12 11:15:07"
20581,"Ruth","Sanchez","AW00020581","2014-09-12 11:15:07"
20591,"Kara","Tang","AW00020591","2014-09-12 11:15:07"
20595,"Karla","Anderse","AW00020595","2014-09-12 11:15:07"
20600,"Dennis","Hu","AW00020600","2014-09-12 11:15:07"
20604,"Harold","Martinez","AW00020604","2014-09-12 11:15:07"
20606,"Jocely","Colema","AW00020606","2014-09-12 11:15:07"
20634,"Stephanie","Bryant","AW00020634","2014-09-12 11:15:07"
20648,"Jorda","Mitchell","AW00020648","2014-09-12 11:15:07"
20656,"Marcus","Perry","AW00020656","2014-09-12 11:15:07"
20684,"Olivia","Lee","AW00020684","2014-09-12 11:15:07"
20697,"Stefanie","Schmidt","AW00020697","2014-09-12 11:15:07"
20701,"Liz","Anderso","AW00020701","2014-09-12 11:15:07"
20713,"Kathlee","Gill","AW00020713","2014-09-12 11:15:07"
20719,"Lawrence","Alvarez","AW00020719","2014-09-12 11:15:07"
20765,"Wyatt","Lopez","AW00020765","2014-09-12 11:15:07"
20812,"Presto","Prasad","AW00020812","2014-09-12 11:15:07"
20816,"Connor","Ross","AW00020816","2014-09-12 11:15:07"
20839,"Courtney","Lopez","AW00020839","2014-09-12 11:15:07"
20851,"Frank","Sanz","AW00020851","2014-09-12 11:15:07"
20862,"Marshall","Sutto","AW00020862","2014-09-12 11:15:07"
20869,"David","Martinez","AW00020869","2014-09-12 11:15:07"
20877,"Richard","Ross","AW00020877","2014-09-12 11:15:07"
20878,"Erika","Ortega","AW00020878","2014-09-12 11:15:07"
20885,"Terry","Xie","AW00020885","2014-09-12 11:15:07"
20894,"Alyssa","Thomas","AW00020894","2014-09-12 11:15:07"
20912,"Christy","Hu","AW00020912","2014-09-12 11:15:07"
20940,"Jillia","Rodriguez","AW00020940","2014-09-12 11:15:07"
20950,"Albert","Suarez","AW00020950","2014-09-12 11:15:07"
20958,"Gerald","Alonso","AW00020958","2014-09-12 11:15:07"
20970,"Isaiah","Richardso","AW00020970","2014-09-12 11:15:07"
20973,"April","Anderse","AW00020973","2014-09-12 11:15:07"
20983,"Meredith","Vance","AW00020983","2014-09-12 11:15:07"
21016,"Michele","Kapoor","AW00021016","2014-09-12 11:15:07"
21038,"Pedro","Lopez","AW00021038","2014-09-12 11:15:07"
21070,"Latoya","Yua","AW00021070","2014-09-12 11:15:07"
21093,"Jacquely","Castro","AW00021093","2014-09-12 11:15:07"
21098,"Steve","Ma","AW00021098","2014-09-12 11:15:07"
21106,"Katie","Sharma","AW00021106","2014-09-12 11:15:07"
21111,"Ricardo","Deng","AW00021111","2014-09-12 11:15:07"
21113,"Laura","Cai","AW00021113","2014-09-12 11:15:07"
21118,"Lisa","Hu","AW00021118","2014-09-12 11:15:07"
21134,"Bob","Chapma","AW00021134","2014-09-12 11:15:07"
21160,"April","Xie","AW00021160","2014-09-12 11:15:07"
21164,"Troy","Rama","AW00021164","2014-09-12 11:15:07"
21167,"Kara","Becker","AW00021167","2014-09-12 11:15:07"
21191,"Willie","Lu","AW00021191","2014-09-12 11:15:07"
21192,"Regina","Sai","AW00021192","2014-09-12 11:15:07"
21207,"Vincent","Li","AW00021207","2014-09-12 11:15:07"
21217,"Casey","Xie","AW00021217","2014-09-12 11:15:07"
21223,"Evely","Suri","AW00021223","2014-09-12 11:15:07"
21227,"Melanie","Morga","AW00021227","2014-09-12 11:15:07"
21231,"Christine","el","AW00021231","2014-09-12 11:15:07"
21266,"Taylor","Washingto","AW00021266","2014-09-12 11:15:07"
21322,"Carlos","Ramirez","AW00021322","2014-09-12 11:15:07"
21334,"Maso","Nelso","AW00021334","2014-09-12 11:15:07"
21359,"Johnny","Luo","AW00021359","2014-09-12 11:15:07"
21372,"Wayne","Raje","AW00021372","2014-09-12 11:15:07"
21379,"Collee","Huang","AW00021379","2014-09-12 11:15:07"
21388,"Nicole","Lee","AW00021388","2014-09-12 11:15:07"
21405,"Bonnie","She","AW00021405","2014-09-12 11:15:07"
21437,"Whitney","Sara","AW00021437","2014-09-12 11:15:07"
21479,"Noah","Foster","AW00021479","2014-09-12 11:15:07"
21491,"Joseph","Lewis","AW00021491","2014-09-12 11:15:07"
21533,"Gilbert","Tang","AW00021533","2014-09-12 11:15:07"
21545,"Michele","Schmidt","AW00021545","2014-09-12 11:15:07"
21557,"Kate","Lal","AW00021557","2014-09-12 11:15:07"
21564,"Erica","Liu","AW00021564","2014-09-12 11:15:07"
21570,"Barry","Kovár","AW00021570","2014-09-12 11:15:07"
21652,"Julia","Bell","AW00021652","2014-09-12 11:15:07"
21702,"Paige","nzales","AW00021702","2014-09-12 11:15:07"
21718,"Devi","Roberts","AW00021718","2014-09-12 11:15:07"
21725,"Gabrielle","Cannata","AW00021725","2014-09-12 11:15:07"
21735,"Grace","Diaz","AW00021735","2014-09-12 11:15:07"
21743,"Theresa","Rubio","AW00021743","2014-09-12 11:15:07"
21787,"Rebecca","Alle","AW00021787","2014-09-12 11:15:07"
21791,"Richard","Price","AW00021791","2014-09-12 11:15:07"
21803,"Emily","Thomas","AW00021803","2014-09-12 11:15:07"
21813,"Dalto","Brow","AW00021813","2014-09-12 11:15:07"
21829,"Caroly","Rana","AW00021829","2014-09-12 11:15:07"
21843,"Erica","He","AW00021843","2014-09-12 11:15:07"
21847,"Dominic","Mada","AW00021847","2014-09-12 11:15:07"
21868,"Aimee","Ma","AW00021868","2014-09-12 11:15:07"
21874,"Brandi","Suarez","AW00021874","2014-09-12 11:15:07"
21878,"Bryant","Rana","AW00021878","2014-09-12 11:15:07"
21886,"Jill","Carlso","AW00021886","2014-09-12 11:15:07"
21899,"Marie","Vazquez","AW00021899","2014-09-12 11:15:07"
21911,"Joa","Ross","AW00021911","2014-09-12 11:15:07"
21915,"Trista","Wood","AW00021915","2014-09-12 11:15:07"
21927,"Meredith","Browning","AW00021927","2014-09-12 11:15:07"
21972,"Mandy","She","AW00021972","2014-09-12 11:15:07"
21979,"Philip","Gutierrez","AW00021979","2014-09-12 11:15:07"
21980,"Beth","Moreno","AW00021980","2014-09-12 11:15:07"
22019,"Rachel","Bryant","AW00022019","2014-09-12 11:15:07"
22021,"Etha","White","AW00022021","2014-09-12 11:15:07"
22047,"David","nzales","AW00022047","2014-09-12 11:15:07"
22058,"Jake","Zukowski","AW00022058","2014-09-12 11:15:07"
22067,"Julia","Jackso","AW00022067","2014-09-12 11:15:07"
22074,"Richard","Washingto","AW00022074","2014-09-12 11:15:07"
22118,"Jennifer","Parker","AW00022118","2014-09-12 11:15:07"
22121,"Jackso","Henderso","AW00022121","2014-09-12 11:15:07"
22137,"Elizabeth","Griffi","AW00022137","2014-09-12 11:15:07"
22139,"Jaime","Pal","AW00022139","2014-09-12 11:15:07"
22183,"Benjami","Jones","AW00022183","2014-09-12 11:15:07"
22200,"Martha","Ye","AW00022200","2014-09-12 11:15:07"
22234,"Katherine","nzalez","AW00022234","2014-09-12 11:15:07"
22240,"Miguel","Powell","AW00022240","2014-09-12 11:15:07"
22243,"Emma","Lewis","AW00022243","2014-09-12 11:15:07"
22246,"Jacqueline","Cox","AW00022246","2014-09-12 11:15:07"
22263,"Patrick","Blue","AW00022263","2014-09-12 11:15:07"
22280,"Luis","Scott","AW00022280","2014-09-12 11:15:07"
22287,"Mega","Griffi","AW00022287","2014-09-12 11:15:07"
22295,"Jade","Morga","AW00022295","2014-09-12 11:15:07"
22305,"Anne","Carlso","AW00022305","2014-09-12 11:15:07"
22308,"Cassandra","Lopez","AW00022308","2014-09-12 11:15:07"
22361,"Natha","White","AW00022361","2014-09-12 11:15:07"
22373,"Gabrielle","Bell","AW00022373","2014-09-12 11:15:07"
22379,"Fernando","Hayes","AW00022379","2014-09-12 11:15:07"
22399,"Arthur","Fernandez","AW00022399","2014-09-12 11:15:07"
22465,"Arturo","Sha","AW00022465","2014-09-12 11:15:07"
22468,"Rube","nzalez","AW00022468","2014-09-12 11:15:07"
22510,"Lori","Gill","AW00022510","2014-09-12 11:15:07"
22516,"Adrienne","Ortega","AW00022516","2014-09-12 11:15:07"
22534,"Suzanne","Liang","AW00022534","2014-09-12 11:15:07"
22552,"Andrea","Rusko","AW00022552","2014-09-12 11:15:07"
22563,"Darre","Weber","AW00022563","2014-09-12 11:15:07"
22584,"Meaga","Lopez","AW00022584","2014-09-12 11:15:07"
22597,"Rachael","Chandra","AW00022597","2014-09-12 11:15:07"
22616,"Jake","Zhang","AW00022616","2014-09-12 11:15:07"
22620,"Stefanie","Suri","AW00022620","2014-09-12 11:15:07"
22639,"Lori","Munoz","AW00022639","2014-09-12 11:15:07"
22650,"Kristina","Suri","AW00022650","2014-09-12 11:15:07"
22656,"Willie","el","AW00022656","2014-09-12 11:15:07"
22664,"Daw","Yang","AW00022664","2014-09-12 11:15:07"
22670,"Erika","Sanz","AW00022670","2014-09-12 11:15:07"
22698,"Bradley","Anderse","AW00022698","2014-09-12 11:15:07"
22700,"Gina","Serrano","AW00022700","2014-09-12 11:15:07"
22719,"Jesse","Brooks","AW00022719","2014-09-12 11:15:07"
22734,"Maria","Adams","AW00022734","2014-09-12 11:15:07"
22752,"Daniel","Brow","AW00022752","2014-09-12 11:15:07"
22762,"Melissa","Diaz","AW00022762","2014-09-12 11:15:07"
22815,"Margaret","Wang","AW00022815","2014-09-12 11:15:07"
22843,"Tiffany","Lu","AW00022843","2014-09-12 11:15:07"
22848,"Peter","Pal","AW00022848","2014-09-12 11:15:07"
22860,"Cedric","Kumar","AW00022860","2014-09-12 11:15:07"
22878,"Angelica","Ross","AW00022878","2014-09-12 11:15:07"
22885,"Caleb","Henderso","AW00022885","2014-09-12 11:15:07"
22889,"Julia","Long","AW00022889","2014-09-12 11:15:07"
22910,"Latoya","Tang","AW00022910","2014-09-12 11:15:07"
22954,"Justi","Thompso","AW00022954","2014-09-12 11:15:07"
22975,"Courtney","Turner","AW00022975","2014-09-12 11:15:07"
22994,"Chloe","Alle","AW00022994","2014-09-12 11:15:07"
23003,"Ashley","Robinso","AW00023003","2014-09-12 11:15:07"
23021,"Stefanie","Mehta","AW00023021","2014-09-12 11:15:07"
23031,"Brooke","Morga","AW00023031","2014-09-12 11:15:07"
23068,"Rya","Sha","AW00023068","2014-09-12 11:15:07"
23084,"Christia","Sha","AW00023084","2014-09-12 11:15:07"
23092,"Gabrielle","Brooks","AW00023092","2014-09-12 11:15:07"
23098,"Pedro","Rubio","AW00023098","2014-09-12 11:15:07"
23108,"Savannah","Wright","AW00023108","2014-09-12 11:15:07"
23122,"Collee","Zhou","AW00023122","2014-09-12 11:15:07"
23126,"Caroly","Va","AW00023126","2014-09-12 11:15:07"
23129,"Misty","Ashe","AW00023129","2014-09-12 11:15:07"
23139,"Christia","Yang","AW00023139","2014-09-12 11:15:07"
23140,"Tyler","Lee","AW00023140","2014-09-12 11:15:07"
23171,"Etha","Griffi","AW00023171","2014-09-12 11:15:07"
23175,"Melanie","Flores","AW00023175","2014-09-12 11:15:07"
23222,"Kriste","Wu","AW00023222","2014-09-12 11:15:07"
23227,"Anne","Alonso","AW00023227","2014-09-12 11:15:07"
23252,"Alexia","Wood","AW00023252","2014-09-12 11:15:07"
23269,"Taylor","Griffi","AW00023269","2014-09-12 11:15:07"
23331,"Jeremiah","Gray","AW00023331","2014-09-12 11:15:07"
23341,"Kelvi","Che","AW00023341","2014-09-12 11:15:07"
23343,"Bruce","Rubio","AW00023343","2014-09-12 11:15:07"
23384,"Taylor","Wilso","AW00023384","2014-09-12 11:15:07"
23410,"Carrie","Alvarez","AW00023410","2014-09-12 11:15:07"
23414,"Damie","Li","AW00023414","2014-09-12 11:15:07"
23455,"Jonatha","Perez","AW00023455","2014-09-12 11:15:07"
23462,"Seth","Jones","AW00023462","2014-09-12 11:15:07"
23466,"Alyssa","Miller","AW00023466","2014-09-12 11:15:07"
23472,"Alyssa","Rodriguez","AW00023472","2014-09-12 11:15:07"
23493,"Thomas","Taylor","AW00023493","2014-09-12 11:15:07"
23496,"Nicholas","Harris","AW00023496","2014-09-12 11:15:07"
23499,"Spencer","Washingto","AW00023499","2014-09-12 11:15:07"
23503,"Dalto","Torres","AW00023503","2014-09-12 11:15:07"
23533,"Rafael","Nath","AW00023533","2014-09-12 11:15:07"
23536,"Savannah","Adams","AW00023536","2014-09-12 11:15:07"
23563,"Kurt","Chavez","AW00023563","2014-09-12 11:15:07"
23568,"Paige","Diaz","AW00023568","2014-09-12 11:15:07"
23619,"Ricardo","Tang","AW00023619","2014-09-12 11:15:07"
23621,"Felicia","Townsend","AW00023621","2014-09-12 11:15:07"
23648,"Karla","Chander","AW00023648","2014-09-12 11:15:07"
23661,"Abigail","Washingto","AW00023661","2014-09-12 11:15:07"
23664,"Sandra","Guo","AW00023664","2014-09-12 11:15:07"
23690,"Angel","James","AW00023690","2014-09-12 11:15:07"
23761,"Tonya","Pal","AW00023761","2014-09-12 11:15:07"
23774,"Reginald","Harriso","AW00023774","2014-09-12 11:15:07"
23775,"Cedric","Sha","AW00023775","2014-09-12 11:15:07"
23801,"Taylor","Wood","AW00023801","2014-09-12 11:15:07"
23859,"Mega","Anderso","AW00023859","2014-09-12 11:15:07"
23864,"Chloe","Jackso","AW00023864","2014-09-12 11:15:07"
23866,"Xavier","Flores","AW00023866","2014-09-12 11:15:07"
23870,"Elijah","Henderso","AW00023870","2014-09-12 11:15:07"
23877,"Katherine","Morris","AW00023877","2014-09-12 11:15:07"
23889,"Sea","Carter","AW00023889","2014-09-12 11:15:07"
23890,"Haley","Cox","AW00023890","2014-09-12 11:15:07"
23915,"Lawrence","Serrano","AW00023915","2014-09-12 11:15:07"
23921,"Charles","Lee","AW00023921","2014-09-12 11:15:07"
23923,"Alejandro","Su","AW00023923","2014-09-12 11:15:07"
23990,"Claudia","Huang","AW00023990","2014-09-12 11:15:07"
24011,"Morga","Thompso","AW00024011","2014-09-12 11:15:07"
24058,"Alvi","Lal","AW00024058","2014-09-12 11:15:07"
24078,"Neil","Marti","AW00024078","2014-09-12 11:15:07"
24086,"Dakota","nzales","AW00024086","2014-09-12 11:15:07"
24123,"Heather","Hu","AW00024123","2014-09-12 11:15:07"
24126,"Pedro","Mehta","AW00024126","2014-09-12 11:15:07"
24164,"Teresa","mez","AW00024164","2014-09-12 11:15:07"
24168,"Manuel","Srini","AW00024168","2014-09-12 11:15:07"
24172,"Jessie","Hernandez","AW00024172","2014-09-12 11:15:07"
24176,"Marie","Jimenez","AW00024176","2014-09-12 11:15:07"
24177,"Gina","Gill","AW00024177","2014-09-12 11:15:07"
24181,"Edwi","Nath","AW00024181","2014-09-12 11:15:07"
24199,"Veronica","Prasad","AW00024199","2014-09-12 11:15:07"
24214,"Michele","Romero","AW00024214","2014-09-12 11:15:07"
24241,"Coli","Zhao","AW00024241","2014-09-12 11:15:07"
24256,"Kayla","Barnes","AW00024256","2014-09-12 11:15:07"
24268,"Meredith","Gill","AW00024268","2014-09-12 11:15:07"
24271,"Leonard","She","AW00024271","2014-09-12 11:15:07"
24280,"Peter","Sha","AW00024280","2014-09-12 11:15:07"
24292,"Mackenzie","Brooks","AW00024292","2014-09-12 11:15:07"
24331,"Carso","Powell","AW00024331","2014-09-12 11:15:07"
24381,"Danny","Serrano","AW00024381","2014-09-12 11:15:07"
24384,"Kenneth","Pal","AW00024384","2014-09-12 11:15:07"
24409,"Jackso","Hernandez","AW00024409","2014-09-12 11:15:07"
24457,"Megha","Alonso","AW00024457","2014-09-12 11:15:07"
24459,"Kristi","Carso","AW00024459","2014-09-12 11:15:07"
24489,"Shelby","Murphy","AW00024489","2014-09-12 11:15:07"
24492,"Devi","Lopez","AW00024492","2014-09-12 11:15:07"
24495,"Kellie","Ortega","AW00024495","2014-09-12 11:15:07"
24521,"Jordy","Wood","AW00024521","2014-09-12 11:15:07"
24527,"Gavi","Colema","AW00024527","2014-09-12 11:15:07"
24544,"Kellie","Romero","AW00024544","2014-09-12 11:15:07"
24555,"Lacey","Chande","AW00024555","2014-09-12 11:15:07"
24590,"Diana","Alonso","AW00024590","2014-09-12 11:15:07"
24598,"Irma","Sherwood","AW00024598","2014-09-12 11:15:07"
24715,"Kelli","Nath","AW00024715","2014-09-12 11:15:07"
24728,"Julia","Diaz","AW00024728","2014-09-12 11:15:07"
24736,"Savannah","Ramirez","AW00024736","2014-09-12 11:15:07"
24746,"Ia","Russell","AW00024746","2014-09-12 11:15:07"
24776,"Samantha","Perry","AW00024776","2014-09-12 11:15:07"
24780,"Courtney","Hall","AW00024780","2014-09-12 11:15:07"
24784,"Mega","Kelly","AW00024784","2014-09-12 11:15:07"
24802,"Timothy","Alle","AW00024802","2014-09-12 11:15:07"
24838,"Elijah","Young","AW00024838","2014-09-12 11:15:07"
24849,"Brianna","Ward","AW00024849","2014-09-12 11:15:07"
24892,"Arthur","Alvarez","AW00024892","2014-09-12 11:15:07"
24927,"Kaitly","Harris","AW00024927","2014-09-12 11:15:07"
24929,"Lucas","Bailey","AW00024929","2014-09-12 11:15:07"
24940,"Fernando","Marti","AW00024940","2014-09-12 11:15:07"
24953,"Aaro","Gree","AW00024953","2014-09-12 11:15:07"
25018,"Lucas","Robinso","AW00025018","2014-09-12 11:15:07"
25029,"Alberto","Hernandez","AW00025029","2014-09-12 11:15:07"
25086,"Jasmine","Cox","AW00025086","2014-09-12 11:15:07"
25103,"Shelby","Brooks","AW00025103","2014-09-12 11:15:07"
25108,"Gary","Gill","AW00025108","2014-09-12 11:15:07"
25110,"Tabitha","Suarez","AW00025110","2014-09-12 11:15:07"
25111,"Drew","Chander","AW00025111","2014-09-12 11:15:07"
25113,"Randy","Gao","AW00025113","2014-09-12 11:15:07"
25190,"Alliso","Morris","AW00025190","2014-09-12 11:15:07"
25203,"Caroline","Wood","AW00025203","2014-09-12 11:15:07"
25216,"Rachael","Rama","AW00025216","2014-09-12 11:15:07"
25228,"Brad","Ashe","AW00025228","2014-09-12 11:15:07"
25242,"Susa","Hu","AW00025242","2014-09-12 11:15:07"
25243,"Tonya","Rai","AW00025243","2014-09-12 11:15:07"
25250,"Anthony","Walker","AW00025250","2014-09-12 11:15:07"
25272,"Edwi","Xu","AW00025272","2014-09-12 11:15:07"
25277,"Jermaine","Fernandez","AW00025277","2014-09-12 11:15:07"
25307,"Daisy","Hernandez","AW00025307","2014-09-12 11:15:07"
25354,"Kevi","Hughes","AW00025354","2014-09-12 11:15:07"
25368,"Blake","Baker","AW00025368","2014-09-12 11:15:07"
25377,"Laure","Anderso","AW00025377","2014-09-12 11:15:07"
25388,"Ernest","Hu","AW00025388","2014-09-12 11:15:07"
25399,"Jorge","Leitão","AW00025399","2014-09-12 11:15:07"
25412,"Michael","Williams","AW00025412","2014-09-12 11:15:07"
25413,"Zoe","Rivera","AW00025413","2014-09-12 11:15:07"
25421,"Marcus","Lewis","AW00025421","2014-09-12 11:15:07"
25426,"Trista","Foster","AW00025426","2014-09-12 11:15:07"
25446,"Kristina","Garcia","AW00025446","2014-09-12 11:15:07"
25463,"Miguel","Robinso","AW00025463","2014-09-12 11:15:07"
25480,"Miguel","Thomas","AW00025480","2014-09-12 11:15:07"
25504,"Calvi","Sutto","AW00025504","2014-09-12 11:15:07"
25539,"Mathew","Ortega","AW00025539","2014-09-12 11:15:07"
25592,"Kendra","Ortega","AW00025592","2014-09-12 11:15:07"
25637,"Raquel","Moreno","AW00025637","2014-09-12 11:15:07"
25644,"Andrew","Lewis","AW00025644","2014-09-12 11:15:07"
25657,"Tammy","nzalez","AW00025657","2014-09-12 11:15:07"
25716,"Edwi","Gao","AW00025716","2014-09-12 11:15:07"
25720,"Ronald","Garcia","AW00025720","2014-09-12 11:15:07"
25727,"Cheryl","Torres","AW00025727","2014-09-12 11:15:07"
25749,"Ashlee","Moyer","AW00025749","2014-09-12 11:15:07"
25767,"Bailey","Hill","AW00025767","2014-09-12 11:15:07"
25778,"Larry","mez","AW00025778","2014-09-12 11:15:07"
25792,"Alyssa","nzales","AW00025792","2014-09-12 11:15:07"
25796,"Kelvi","Jai","AW00025796","2014-09-12 11:15:07"
25797,"Max","Torres","AW00025797","2014-09-12 11:15:07"
25819,"Carlos","Morga","AW00025819","2014-09-12 11:15:07"
25820,"Adam","Evans","AW00025820","2014-09-12 11:15:07"
25829,"Toni","Patel","AW00025829","2014-09-12 11:15:07"
25831,"Sebastia","Torres","AW00025831","2014-09-12 11:15:07"
25834,"Jeremy","Davis","AW00025834","2014-09-12 11:15:07"
25860,"Justi","Thomas","AW00025860","2014-09-12 11:15:07"
25886,"Rachel","Rogers","AW00025886","2014-09-12 11:15:07"
25889,"Reginald","Munoz","AW00025889","2014-09-12 11:15:07"
25922,"Veronica","Malhotra","AW00025922","2014-09-12 11:15:07"
25926,"Larry","Gutierrez","AW00025926","2014-09-12 11:15:07"
25956,"Charles","Ramirez","AW00025956","2014-09-12 11:15:07"
25980,"Julia","Jones","AW00025980","2014-09-12 11:15:07"
25988,"Victor","Muñoz","AW00025988","2014-09-12 11:15:07"
25989,"Jeremy","Price","AW00025989","2014-09-12 11:15:07"
26003,"Denise","Subram","AW00026003","2014-09-12 11:15:07"
26011,"Daisuke","Yanagishima","AW00026011","2014-09-12 11:15:07"
26015,"Gabriel","Chow","AW00026015","2014-09-12 11:15:07"
26043,"Jodi","Becker","AW00026043","2014-09-12 11:15:07"
26077,"Isaac","Collins","AW00026077","2014-09-12 11:15:07"
26089,"Terry","Rai","AW00026089","2014-09-12 11:15:07"
26112,"Luke","Perry","AW00026112","2014-09-12 11:15:07"
26118,"Ashley","Butler","AW00026118","2014-09-12 11:15:07"
26131,"Lawrence","Suarez","AW00026131","2014-09-12 11:15:07"
26147,"Iva","Subram","AW00026147","2014-09-12 11:15:07"
26171,"Randall","Ruiz","AW00026171","2014-09-12 11:15:07"
26185,"Kaylee","Gree","AW00026185","2014-09-12 11:15:07"
26200,"Ia","Baker","AW00026200","2014-09-12 11:15:07"
26217,"Pedro","Blanco","AW00026217","2014-09-12 11:15:07"
26239,"Kaitly","Turner","AW00026239","2014-09-12 11:15:07"
26245,"Devi","Murphy","AW00026245","2014-09-12 11:15:07"
26256,"Ronald","Rana","AW00026256","2014-09-12 11:15:07"
26257,"Hector","Jimenez","AW00026257","2014-09-12 11:15:07"
26280,"Jackso","Jenkins","AW00026280","2014-09-12 11:15:07"
26295,"Toni","Kapoor","AW00026295","2014-09-12 11:15:07"
26313,"Dalto","Simmons","AW00026313","2014-09-12 11:15:07"
26325,"Tyler","Robinso","AW00026325","2014-09-12 11:15:07"
26344,"Natalie","Hughes","AW00026344","2014-09-12 11:15:07"
26417,"Dusti","Rai","AW00026417","2014-09-12 11:15:07"
26438,"Alisha","She","AW00026438","2014-09-12 11:15:07"
26447,"Noah","Russell","AW00026447","2014-09-12 11:15:07"
26465,"Andrea","Evans","AW00026465","2014-09-12 11:15:07"
26521,"Natha","Taylor","AW00026521","2014-09-12 11:15:07"
26548,"Casey","Suarez","AW00026548","2014-09-12 11:15:07"
26555,"Jeremy","Perry","AW00026555","2014-09-12 11:15:07"
26566,"Crystal","Che","AW00026566","2014-09-12 11:15:07"
26575,"Toni","nzalez","AW00026575","2014-09-12 11:15:07"
26583,"James","Patterso","AW00026583","2014-09-12 11:15:07"
26590,"Jorge","Guo","AW00026590","2014-09-12 11:15:07"
26595,"Alyssa","Bailey","AW00026595","2014-09-12 11:15:07"
26598,"Charles","Adams","AW00026598","2014-09-12 11:15:07"
26614,"Richard","Robinso","AW00026614","2014-09-12 11:15:07"
26627,"Jose","Alexander","AW00026627","2014-09-12 11:15:07"
26630,"Vanessa","Powell","AW00026630","2014-09-12 11:15:07"
26631,"Isaiah","Stewart","AW00026631","2014-09-12 11:15:07"
26663,"Joanna","Serrano","AW00026663","2014-09-12 11:15:07"
26680,"Melissa","Powell","AW00026680","2014-09-12 11:15:07"
26690,"Alexia","Bennett","AW00026690","2014-09-12 11:15:07"
26703,"Wyatt","Miller","AW00026703","2014-09-12 11:15:07"
26718,"Richard","Flores","AW00026718","2014-09-12 11:15:07"
26720,"Seth","Watso","AW00026720","2014-09-12 11:15:07"
26731,"Etha","Clark","AW00026731","2014-09-12 11:15:07"
26742,"James","Collins","AW00026742","2014-09-12 11:15:07"
26754,"Candice","Zimmerma","AW00026754","2014-09-12 11:15:07"
26768,"Cristina","She","AW00026768","2014-09-12 11:15:07"
26775,"Riley","Bryant","AW00026775","2014-09-12 11:15:07"
26785,"Raul","Raje","AW00026785","2014-09-12 11:15:07"
26799,"Rya","Russell","AW00026799","2014-09-12 11:15:07"
26809,"Julia","Morga","AW00026809","2014-09-12 11:15:07"
26812,"James","Hernandez","AW00026812","2014-09-12 11:15:07"
26833,"Kelvi","Rai","AW00026833","2014-09-12 11:15:07"
26835,"Kyle","Turner","AW00026835","2014-09-12 11:15:07"
26840,"Eric","Yang","AW00026840","2014-09-12 11:15:07"
26868,"Lydia","Rama","AW00026868","2014-09-12 11:15:07"
26876,"Holly","Lopez","AW00026876","2014-09-12 11:15:07"
26877,"Damie","Nara","AW00026877","2014-09-12 11:15:07"
26879,"Shanno","Li","AW00026879","2014-09-12 11:15:07"
26880,"Heather","Xu","AW00026880","2014-09-12 11:15:07"
26892,"Cody","Rogers","AW00026892","2014-09-12 11:15:07"
26895,"Christine","Sha","AW00026895","2014-09-12 11:15:07"
26950,"Dominic","Suri","AW00026950","2014-09-12 11:15:07"
26981,"Audrey","Suarez","AW00026981","2014-09-12 11:15:07"
27006,"Shane","Mada","AW00027006","2014-09-12 11:15:07"
27061,"Gabrielle","Scott","AW00027061","2014-09-12 11:15:07"
27070,"Natha","Davis","AW00027070","2014-09-12 11:15:07"
27073,"Sydney","Sanders","AW00027073","2014-09-12 11:15:07"
27088,"Trista","Patterso","AW00027088","2014-09-12 11:15:07"
27130,"Eric","Parker","AW00027130","2014-09-12 11:15:07"
27150,"Lacey","Anand","AW00027150","2014-09-12 11:15:07"
27160,"Brandi","Vazquez","AW00027160","2014-09-12 11:15:07"
27179,"Jamie","Rubio","AW00027179","2014-09-12 11:15:07"
27188,"Claudia","She","AW00027188","2014-09-12 11:15:07"
27210,"Hunter","Flores","AW00027210","2014-09-12 11:15:07"
27244,"Arianna","Kelly","AW00027244","2014-09-12 11:15:07"
27245,"Laure","Jones","AW00027245","2014-09-12 11:15:07"
27273,"Marcus","Miller","AW00027273","2014-09-12 11:15:07"
27276,"Faith","Alexander","AW00027276","2014-09-12 11:15:07"
27298,"Jennifer","Colema","AW00027298","2014-09-12 11:15:07"
27299,"Micheal","Gutierrez","AW00027299","2014-09-12 11:15:07"
27302,"Charles","Smith","AW00027302","2014-09-12 11:15:07"
27317,"Raymond","Lopez","AW00027317","2014-09-12 11:15:07"
27328,"Edgar","Srini","AW00027328","2014-09-12 11:15:07"
27339,"An","Sai","AW00027339","2014-09-12 11:15:07"
27340,"Francis","Carlso","AW00027340","2014-09-12 11:15:07"
27372,"Andre","Sai","AW00027372","2014-09-12 11:15:07"
27376,"Courtney","nzalez","AW00027376","2014-09-12 11:15:07"
27384,"Eric","Patterso","AW00027384","2014-09-12 11:15:07"
27422,"Eva","nzalez","AW00027422","2014-09-12 11:15:07"
27451,"Thomas","Washingto","AW00027451","2014-09-12 11:15:07"
27465,"Seth","Garcia","AW00027465","2014-09-12 11:15:07"
27490,"Natasha","Marti","AW00027490","2014-09-12 11:15:07"
27493,"Barbara","Zheng","AW00027493","2014-09-12 11:15:07"
27495,"Nina","Luo","AW00027495","2014-09-12 11:15:07"
27501,"Darre","Alonso","AW00027501","2014-09-12 11:15:07"
27507,"Valerie","Li","AW00027507","2014-09-12 11:15:07"
27509,"Zachary","Johnso","AW00027509","2014-09-12 11:15:07"
27524,"Denise","Suri","AW00027524","2014-09-12 11:15:07"
27541,"Samantha","Marti","AW00027541","2014-09-12 11:15:07"
27563,"Devi","Bennett","AW00027563","2014-09-12 11:15:07"
27568,"Miguel","Evans","AW00027568","2014-09-12 11:15:07"
27571,"Shanno","Gao","AW00027571","2014-09-12 11:15:07"
27626,"Connor","Hayes","AW00027626","2014-09-12 11:15:07"
27628,"Jasmine","Hughes","AW00027628","2014-09-12 11:15:07"
27739,"Marie","Moreno","AW00027739","2014-09-12 11:15:07"
27741,"Gabrielle","Foster","AW00027741","2014-09-12 11:15:07"
27762,"Shaw","Yua","AW00027762","2014-09-12 11:15:07"
27778,"Tabitha","Garcia","AW00027778","2014-09-12 11:15:07"
27818,"Candice","Hu","AW00027818","2014-09-12 11:15:07"
27821,"Leonard","Deng","AW00027821","2014-09-12 11:15:07"
27823,"Joa","Gao","AW00027823","2014-09-12 11:15:07"
27825,"Christy","Zimmerma","AW00027825","2014-09-12 11:15:07"
27861,"Kare","He","AW00027861","2014-09-12 11:15:07"
27873,"Daw","Xu","AW00027873","2014-09-12 11:15:07"
27919,"Rya","Lal","AW00027919","2014-09-12 11:15:07"
27924,"Jeffery","He","AW00027924","2014-09-12 11:15:07"
27945,"Christine","Anderse","AW00027945","2014-09-12 11:15:07"
27955,"Ramo","Wu","AW00027955","2014-09-12 11:15:07"
27959,"Armando","Ramos","AW00027959","2014-09-12 11:15:07"
27961,"Alejandro","Zheng","AW00027961","2014-09-12 11:15:07"
27992,"Dyla","Taylor","AW00027992","2014-09-12 11:15:07"
28024,"Miguel","Perry","AW00028024","2014-09-12 11:15:07"
28028,"Elijah","Alle","AW00028028","2014-09-12 11:15:07"
28036,"Jonatha","nzales","AW00028036","2014-09-12 11:15:07"
28052,"Frankli","Li","AW00028052","2014-09-12 11:15:07"
28068,"Amanda","Wood","AW00028068","2014-09-12 11:15:07"
28101,"Timothy","Bell","AW00028101","2014-09-12 11:15:07"
28115,"Deanna","Jiménez","AW00028115","2014-09-12 11:15:07"
28120,"Pedro","Alvarez","AW00028120","2014-09-12 11:15:07"
28125,"Dalto","Jackso","AW00028125","2014-09-12 11:15:07"
28141,"Joseph","Robinso","AW00028141","2014-09-12 11:15:07"
28193,"Taylor","Davis","AW00028193","2014-09-12 11:15:07"
28196,"Timothy","Cox","AW00028196","2014-09-12 11:15:07"
28227,"Caleb","Wang","AW00028227","2014-09-12 11:15:07"
28228,"Gloria","Reed","AW00028228","2014-09-12 11:15:07"
28236,"Isabel","Diaz","AW00028236","2014-09-12 11:15:07"
28244,"Samantha","Davis","AW00028244","2014-09-12 11:15:07"
28246,"Alexa","Gray","AW00028246","2014-09-12 11:15:07"
28257,"Zachary","Marti","AW00028257","2014-09-12 11:15:07"
28275,"Ia","Howard","AW00028275","2014-09-12 11:15:07"
28297,"Gabrielle","Edwards","AW00028297","2014-09-12 11:15:07"
28329,"Marcus","Washingto","AW00028329","2014-09-12 11:15:07"
28349,"Kristi","Vazquez","AW00028349","2014-09-12 11:15:07"
28352,"Megha","Sanz","AW00028352","2014-09-12 11:15:07"
28353,"Summer","Kapoor","AW00028353","2014-09-12 11:15:07"
28355,"Carlos","James","AW00028355","2014-09-12 11:15:07"
28370,"Eddie","Gutierrez","AW00028370","2014-09-12 11:15:07"
28385,"Cassie","Deng","AW00028385","2014-09-12 11:15:07"
28397,"Cynthia","Rana","AW00028397","2014-09-12 11:15:07"
28406,"Gerald","Srini","AW00028406","2014-09-12 11:15:07"
28415,"Melissa","Rogers","AW00028415","2014-09-12 11:15:07"
28444,"Pedro","Sai","AW00028444","2014-09-12 11:15:07"
28478,"Riley","Long","AW00028478","2014-09-12 11:15:07"
28501,"Gerald","Perez","AW00028501","2014-09-12 11:15:07"
28509,"Audrey","Diaz","AW00028509","2014-09-12 11:15:07"
28569,"Dusti","Jai","AW00028569","2014-09-12 11:15:07"
28578,"Zoe","Rogers","AW00028578","2014-09-12 11:15:07"
28590,"Gabriel","Jai","AW00028590","2014-09-12 11:15:07"
28658,"Jasmine","Bailey","AW00028658","2014-09-12 11:15:07"
28659,"Vanessa","Simmons","AW00028659","2014-09-12 11:15:07"
28687,"Javier","Gutierrez","AW00028687","2014-09-12 11:15:07"
28689,"Kelvi","Zhang","AW00028689","2014-09-12 11:15:07"
28713,"Frankli","Nath","AW00028713","2014-09-12 11:15:07"
28716,"Darre","Garcia","AW00028716","2014-09-12 11:15:07"
28719,"Neil","Vazquez","AW00028719","2014-09-12 11:15:07"
28757,"Ronald","Rodriguez","AW00028757","2014-09-12 11:15:07"
28779,"Morga","Reed","AW00028779","2014-09-12 11:15:07"
28795,"Jesse","Alle","AW00028795","2014-09-12 11:15:07"
28809,"Isaac","Cooper","AW00028809","2014-09-12 11:15:07"
28855,"Alexandra","Perez","AW00028855","2014-09-12 11:15:07"
28858,"Aida","Hughes","AW00028858","2014-09-12 11:15:07"
28864,"Natalie","Murphy","AW00028864","2014-09-12 11:15:07"
28872,"Kelli","He","AW00028872","2014-09-12 11:15:07"
28888,"Casey","Lal","AW00028888","2014-09-12 11:15:07"
28938,"Sarah","Moore","AW00028938","2014-09-12 11:15:07"
28943,"Arthur","Marti","AW00028943","2014-09-12 11:15:07"
28964,"Trevor","Foster","AW00028964","2014-09-12 11:15:07"
29017,"Gabriel","Long","AW00029017","2014-09-12 11:15:07"
29059,"Jocely","Perry","AW00029059","2014-09-12 11:15:07"
29060,"David","Washingto","AW00029060","2014-09-12 11:15:07"
29064,"Jose","Butler","AW00029064","2014-09-12 11:15:07"
29094,"Jessie","He","AW00029094","2014-09-12 11:15:07"
29132,"Brianna","Cook","AW00029132","2014-09-12 11:15:07"
29136,"Caroline","Bryant","AW00029136","2014-09-12 11:15:07"
29185,"Warre","Li","AW00029185","2014-09-12 11:15:07"
29197,"Morga","Brow","AW00029197","2014-09-12 11:15:07"
29200,"Jackso","Collins","AW00029200","2014-09-12 11:15:07"
29258,"Makayla","James","AW00029258","2014-09-12 11:15:07"
29264,"Riley","Brooks","AW00029264","2014-09-12 11:15:07"
29283,"Jeff","Smith","AW00029283","2014-09-12 11:15:07"
29286,"Rodney","Alvarez","AW00029286","2014-09-12 11:15:07"
29347,"Jonatha","Edwards","AW00029347","2014-09-12 11:15:07"
29348,"Miguel","Bryant","AW00029348","2014-09-12 11:15:07"
29388,"Calvi","Kumar","AW00029388","2014-09-12 11:15:07"
29391,"Ebony","Chandra","AW00029391","2014-09-12 11:15:07"
29401,"Jésus","mez","AW00029401","2014-09-12 11:15:07"
29421,"Blake","Williams","AW00029421","2014-09-12 11:15:07"
29446,"Jamie","Ma","AW00029446","2014-09-12 11:15:07"
29449,"Laura","Che","AW00029449","2014-09-12 11:15:07"
29475,"Jared","Ward","AW00029475","2014-09-12 11:15:07"
29483,"Jésus","Navarro","AW00029483","2014-09-12 11:15:07"
29484,"Gustavo","Achong","AW00029484","2014-09-12 11:15:07"
29486,"Kim","Abercrombie","AW00029486","2014-09-12 11:15:07"
29489,"Frances","Adams","AW00029489","2014-09-12 11:15:07"
29499,"Amy","Alberts","AW00029499","2014-09-12 11:15:07"
29501,"Milto","Albury","AW00029501","2014-09-12 11:15:07"
29502,"Paul","Alcor","AW00029502","2014-09-12 11:15:07"
29503,"Grery","Alderso","AW00029503","2014-09-12 11:15:07"
29508,"Marvi","Alle","AW00029508","2014-09-12 11:15:07"
29514,"Emilio","Alvaro","AW00029514","2014-09-12 11:15:07"
29515,"Maxwell","Amland","AW00029515","2014-09-12 11:15:07"
29519,"Hannah","Arakawa","AW00029519","2014-09-12 11:15:07"
29520,"Kyley","Arbelaez","AW00029520","2014-09-12 11:15:07"
29521,"Tom","Johnsto","AW00029521","2014-09-12 11:15:07"
29523,"Joh","Arthur","AW00029523","2014-09-12 11:15:07"
29528,"Stephe","Ayers","AW00029528","2014-09-12 11:15:07"
29531,"Cory","Booth","AW00029531","2014-09-12 11:15:07"
29537,"Rebecca","Barley","AW00029537","2014-09-12 11:15:07"
29542,"David","Bartness","AW00029542","2014-09-12 11:15:07"
29543,"Karel","Bates","AW00029543","2014-09-12 11:15:07"
29554,"Payto","Benso","AW00029554","2014-09-12 11:15:07"
29562,"Steve","Brow","AW00029562","2014-09-12 11:15:07"
29566,"Mae","Black","AW00029566","2014-09-12 11:15:07"
29567,"Jackie","Blackwell","AW00029567","2014-09-12 11:15:07"
29569,"Linda","Burnett","AW00029569","2014-09-12 11:15:07"
29571,"Gabriel","Bockenkamp","AW00029571","2014-09-12 11:15:07"
29572,"Corinna","Bolender","AW00029572","2014-09-12 11:15:07"
29577,"Lester","Bowma","AW00029577","2014-09-12 11:15:07"
29581,"Sara","Breer","AW00029581","2014-09-12 11:15:07"
29582,"Ted","Bremer","AW00029582","2014-09-12 11:15:07"
29583,"Ala","Brewer","AW00029583","2014-09-12 11:15:07"
29586,"David","Brink","AW00029586","2014-09-12 11:15:07"
29593,"Mary","Browning","AW00029593","2014-09-12 11:15:07"
29600,"June","Brunner","AW00029600","2014-09-12 11:15:07"
29605,"Mega","Burke","AW00029605","2014-09-12 11:15:07"
29614,"Rya","Calafato","AW00029614","2014-09-12 11:15:07"
29616,"Barbara","Calone","AW00029616","2014-09-12 11:15:07"
29617,"Lindsey","Camacho","AW00029617","2014-09-12 11:15:07"
29629,"Carlto","Carlisle","AW00029629","2014-09-12 11:15:07"
29630,"Ty Lore","Carlso","AW00029630","2014-09-12 11:15:07"
29634,"Fernando","Caro","AW00029634","2014-09-12 11:15:07"
29637,"Donna","Carreras","AW00029637","2014-09-12 11:15:07"
29639,"Joseph","Castellucio","AW00029639","2014-09-12 11:15:07"
29641,"Raul","Casts","AW00029641","2014-09-12 11:15:07"
29643,"Matthew","Cavallari","AW00029643","2014-09-12 11:15:07"
29645,"Andrew","Cencini","AW00029645","2014-09-12 11:15:07"
29646,"Stacey","Cereghino","AW00029646","2014-09-12 11:15:07"
29647,"Baris","Cetinok","AW00029647","2014-09-12 11:15:07"
29653,"Pei","Chow","AW00029653","2014-09-12 11:15:07"
29654,"Yao-Qiang","Cheng","AW00029654","2014-09-12 11:15:07"
29657,"Marti","Chisholm","AW00029657","2014-09-12 11:15:07"
29661,"Charles","Christense","AW00029661","2014-09-12 11:15:07"
29666,"Jane","Clayto","AW00029666","2014-09-12 11:15:07"
29667,"Kristine","Cleary","AW00029667","2014-09-12 11:15:07"
29675,"Aaro","Co","AW00029675","2014-09-12 11:15:07"
29676,"Peter","Connelly","AW00029676","2014-09-12 11:15:07"
29679,"Amy","Consentino","AW00029679","2014-09-12 11:15:07"
29680,"Dorothy","Contreras","AW00029680","2014-09-12 11:15:07"
29684,"Marli","Coriell","AW00029684","2014-09-12 11:15:07"
29689,"Scott","Culp","AW00029689","2014-09-12 11:15:07"
29690,"Conor","Cunningham","AW00029690","2014-09-12 11:15:07"
29695,"Mega","Davis","AW00029695","2014-09-12 11:15:07"
29703,"Stefa","Delmarco","AW00029703","2014-09-12 11:15:07"
29705,"Della","Demott Jr","AW00029705","2014-09-12 11:15:07"
29710,"Brenda","Diaz","AW00029710","2014-09-12 11:15:07"
29714,"Rudolph","Dillo","AW00029714","2014-09-12 11:15:07"
29717,"Cindy","Dodd","AW00029717","2014-09-12 11:15:07"
29718,"Joh","Donova","AW00029718","2014-09-12 11:15:07"
29721,"Gary","Drury","AW00029721","2014-09-12 11:15:07"
29723,"Ed","Dudenhoefer","AW00029723","2014-09-12 11:15:07"
29730,"Linda","Ecoffey","AW00029730","2014-09-12 11:15:07"
29734,"Jauna","Elso","AW00029734","2014-09-12 11:15:07"
29741,"Janeth","Esteves","AW00029741","2014-09-12 11:15:07"
29742,"Twanna","Evans","AW00029742","2014-09-12 11:15:07"
29745,"Marc","Faeber","AW00029745","2014-09-12 11:15:07"
29746,"Fadi","Fakhouri","AW00029746","2014-09-12 11:15:07"
29753,"Kathie","Flood","AW00029753","2014-09-12 11:15:07"
29757,"Garth","Fort","AW00029757","2014-09-12 11:15:07"
29758,"Dorothy","Fox","AW00029758","2014-09-12 11:15:07"
29761,"Susa","French","AW00029761","2014-09-12 11:15:07"
29770,"Kathlee","Garza","AW00029770","2014-09-12 11:15:07"
29775,"Jim","Geist","AW00029775","2014-09-12 11:15:07"
29778,"Leo","Giakoumakis","AW00029778","2014-09-12 11:15:07"
29783,"Mary","Gimmi","AW00029783","2014-09-12 11:15:07"
29784,"Jeanie","Glen","AW00029784","2014-09-12 11:15:07"
29786,"James","Glyn","AW00029786","2014-09-12 11:15:07"
29789,"Bria","ldstei","AW00029789","2014-09-12 11:15:07"
29791,"Linda","nzales","AW00029791","2014-09-12 11:15:07"
29794,"Derek","Graham","AW00029794","2014-09-12 11:15:07"
29805,"Eri","Hagens","AW00029805","2014-09-12 11:15:07"
29810,"Jea","Handley","AW00029810","2014-09-12 11:15:07"
29812,"William","Hapke","AW00029812","2014-09-12 11:15:07"
29813,"Katherine","Harding","AW00029813","2014-09-12 11:15:07"
29818,"Roger","Harui","AW00029818","2014-09-12 11:15:07"
29824,"Brenda","Heaney","AW00029824","2014-09-12 11:15:07"
29825,"James","Hendergart","AW00029825","2014-09-12 11:15:07"
29826,"Joh","Hanso","AW00029826","2014-09-12 11:15:07"
29835,"Ronald","Heymsfield","AW00029835","2014-09-12 11:15:07"
29837,"Onetha","Higgs","AW00029837","2014-09-12 11:15:07"
29844,"Nancy","Hirota","AW00029844","2014-09-12 11:15:07"
29845,"Rose","Hirsch","AW00029845","2014-09-12 11:15:07"
29847,"David","Hodgso","AW00029847","2014-09-12 11:15:07"
29850,"Bob","Hodges","AW00029850","2014-09-12 11:15:07"
29853,"Juanita","Holma","AW00029853","2014-09-12 11:15:07"
29855,"Curtis","Howard","AW00029855","2014-09-12 11:15:07"
29857,"Janice","Hows","AW00029857","2014-09-12 11:15:07"
29872,"Joda","Jacobso","AW00029872","2014-09-12 11:15:07"
29874,"David","Jaffe","AW00029874","2014-09-12 11:15:07"
29875,"Jay","Jamiso","AW00029875","2014-09-12 11:15:07"
29879,"Stephe","Jiang","AW00029879","2014-09-12 11:15:07"
29880,"Samuel","Johnso","AW00029880","2014-09-12 11:15:07"
29896,"Judith","Krane","AW00029896","2014-09-12 11:15:07"
29897,"Kay","Krane","AW00029897","2014-09-12 11:15:07"
29899,"Kendall","Keil","AW00029899","2014-09-12 11:15:07"
29903,"Kevi","Kennedy","AW00029903","2014-09-12 11:15:07"
29909,"Jim","Kim","AW00029909","2014-09-12 11:15:07"
29910,"Shane","Kim","AW00029910","2014-09-12 11:15:07"
29914,"Christia","Kleinerma","AW00029914","2014-09-12 11:15:07"
29921,"Joy","Koski","AW00029921","2014-09-12 11:15:07"
29923,"Edward","Kozlowski","AW00029923","2014-09-12 11:15:07"
29924,"Mitch","Kennedy","AW00029924","2014-09-12 11:15:07"
29926,"Deepak","Kumar","AW00029926","2014-09-12 11:15:07"
29931,"Eric","Lang","AW00029931","2014-09-12 11:15:07"
29935,"Elsa","Leavitt","AW00029935","2014-09-12 11:15:07"
29945,"Gloria","Lesko","AW00029945","2014-09-12 11:15:07"
29948,"Elsie","Lewi","AW00029948","2014-09-12 11:15:07"
29949,"George","Li","AW00029949","2014-09-12 11:15:07"
29951,"Ya","Li","AW00029951","2014-09-12 11:15:07"
29952,"Yuhong","Li","AW00029952","2014-09-12 11:15:07"
29954,"Paulo","Lisboa","AW00029954","2014-09-12 11:15:07"
29955,"David","Liu","AW00029955","2014-09-12 11:15:07"
29957,"Kevi","Liu","AW00029957","2014-09-12 11:15:07"
29958,"Ru","Liu","AW00029958","2014-09-12 11:15:07"
29961,"Joh","Long","AW00029961","2014-09-12 11:15:07"
29963,"Spencer","Low","AW00029963","2014-09-12 11:15:07"
29964,"Anita","Lucerne","AW00029964","2014-09-12 11:15:07"
29966,"Richard","Lum","AW00029966","2014-09-12 11:15:07"
29967,"Judy","Lundahl","AW00029967","2014-09-12 11:15:07"
29971,"Robert","Lyo","AW00029971","2014-09-12 11:15:07"
29972,"Jenny","Lysaker","AW00029972","2014-09-12 11:15:07"
29974,"Scott","MacDonald","AW00029974","2014-09-12 11:15:07"
29975,"Walter","Mays","AW00029975","2014-09-12 11:15:07"
29976,"Patrick","Magenheimer","AW00029976","2014-09-12 11:15:07"
29983,"Cecelia","Marshall","AW00029983","2014-09-12 11:15:07"
29992,"Sandra","Maynard","AW00029992","2014-09-12 11:15:07"
29994,"Robi","McGuiga","AW00029994","2014-09-12 11:15:07"
29999,"Nikki","McCormick","AW00029999","2014-09-12 11:15:07"
30004,"Nkenge","McLi","AW00030004","2014-09-12 11:15:07"
30020,"Emilo","Miller","AW00030020","2014-09-12 11:15:07"
30026,"Scott","Mitchell","AW00030026","2014-09-12 11:15:07"
30030,"Stefano","Stefani","AW00030030","2014-09-12 11:15:07"
30034,"Wathalee","Steuber","AW00030034","2014-09-12 11:15:07"
30041,"Charles","Strange","AW00030041","2014-09-12 11:15:07"
30043,"Mi","Su","AW00030043","2014-09-12 11:15:07"
30049,"Nate","Su","AW00030049","2014-09-12 11:15:07"
30065,"Kare","Theise","AW00030065","2014-09-12 11:15:07"
30071,"Daniel","Thompso","AW00030071","2014-09-12 11:15:07"
30084,"Abe","Tramel","AW00030084","2014-09-12 11:15:07"
30101,"Johnatha","Van Eato","AW00030101","2014-09-12 11:15:07"
30103,"Mandy","Vance","AW00030103","2014-09-12 11:15:07"
30106,"Michael","Vanderhyde","AW00030106","2014-09-12 11:15:07"
30107,"Margaret","Vanderkamp","AW00030107","2014-09-12 11:15:07"
30109,"Nieves","Vargas","AW00030109","2014-09-12 11:15:07"
30113,"Raja","Venupal","AW00030113","2014-09-12 11:15:07"
30115,"Dora","Verdad","AW00030115","2014-09-12 11:15:07"
